<NeuralNetwork>
    <Inputs>
        <InputsNumber>9</InputsNumber>
        <Item Index="1">
            <Name>clump_thickness</Name>
            <Units></Units>
            <Description></Description>
        </Item>
        <Item Index="2">
            <Name>cell_size_uniformity</Name>
            <Units></Units>
            <Description></Description>
        </Item>
        <Item Index="3">
            <Name>cell_shape_uniformity</Name>
            <Units></Units>
            <Description></Description>
        </Item>
        <Item Index="4">
            <Name>marginal_adhesion</Name>
            <Units></Units>
            <Description></Description>
        </Item>
        <Item Index="5">
            <Name>single_epithelial_cell_size</Name>
            <Units></Units>
            <Description></Description>
        </Item>
        <Item Index="6">
            <Name>bare_nuclei</Name>
            <Units></Units>
            <Description></Description>
        </Item>
        <Item Index="7">
            <Name>bland_chromatin</Name>
            <Units></Units>
            <Description></Description>
        </Item>
        <Item Index="8">
            <Name>normal_nucleoli</Name>
            <Units></Units>
            <Description></Description>
        </Item>
        <Item Index="9">
            <Name>mitoses</Name>
            <Units></Units>
            <Description></Description>
        </Item>
        <Display>1</Display>
    </Inputs>
    <ScalingLayer>
        <ScalingNeuronsNumber>9</ScalingNeuronsNumber>
        <Statistics Index="1">
            <Minimum>1</Minimum>
            <Maximum>10</Maximum>
            <Mean>4.44217</Mean>
            <StandardDeviation>2.82076</StandardDeviation>
        </Statistics>
        <Statistics Index="2">
            <Minimum>1</Minimum>
            <Maximum>10</Maximum>
            <Mean>3.15081</Mean>
            <StandardDeviation>3.06514</StandardDeviation>
        </Statistics>
        <Statistics Index="3">
            <Minimum>1</Minimum>
            <Maximum>10</Maximum>
            <Mean>3.21523</Mean>
            <StandardDeviation>2.98858</StandardDeviation>
        </Statistics>
        <Statistics Index="4">
            <Minimum>1</Minimum>
            <Maximum>10</Maximum>
            <Mean>2.83016</Mean>
            <StandardDeviation>2.86456</StandardDeviation>
        </Statistics>
        <Statistics Index="5">
            <Minimum>1</Minimum>
            <Maximum>10</Maximum>
            <Mean>3.23426</Mean>
            <StandardDeviation>2.22309</StandardDeviation>
        </Statistics>
        <Statistics Index="6">
            <Minimum>1</Minimum>
            <Maximum>10</Maximum>
            <Mean>3.54466</Mean>
            <StandardDeviation>3.64386</StandardDeviation>
        </Statistics>
        <Statistics Index="7">
            <Minimum>1</Minimum>
            <Maximum>10</Maximum>
            <Mean>3.4451</Mean>
            <StandardDeviation>2.4497</StandardDeviation>
        </Statistics>
        <Statistics Index="8">
            <Minimum>1</Minimum>
            <Maximum>10</Maximum>
            <Mean>2.86969</Mean>
            <StandardDeviation>3.05267</StandardDeviation>
        </Statistics>
        <Statistics Index="9">
            <Minimum>1</Minimum>
            <Maximum>10</Maximum>
            <Mean>1.60322</Mean>
            <StandardDeviation>1.73267</StandardDeviation>
        </Statistics>
        <ScalingMethod>MinimumMaximum</ScalingMethod>
        <Display>1</Display>
    </ScalingLayer>
    <MultilayerPerceptron>
        <Architecture>9 6 1</Architecture>
        <LayersActivationFunction>HyperbolicTangent Logistic</LayersActivationFunction>
        <Parameters>-1.03481 -0.824311 -1.98876 -1.6524 2.42627 0.488951 -5.58206 -0.191239 -2.5428 -1.65546 11.5653 3.65893 0.18993 5.27694 0.790741 -0.198906 3.91812 1.85528 4.64715 2.20358 1.90594 -3.55334 0.850454 -0.431808 2.05853 3.30405 4.30895 1.80429 2.96449 -2.79278 8.15111 1.57541 5.97232 4.26309 2.39772 -2.02108 3.93554 -2.29055 2.68652 3.89989 -1.32511 -3.28678 -2.8233 0.449707 -0.805072 0.961137 0.560348 1.12025 -1.94759 0.445251 14.2262 5.62672 2.43685 0.855761 -5.10828 -2.12142 -1.29612 0.269159 0.567048 -5.52953 7.53463 -4.89648 10.6238 -10.7589 10.7417 5.50488 -3.35445</Parameters>
        <Display>1</Display>
    </MultilayerPerceptron>
    <Outputs>
        <OutputsNumber>1</OutputsNumber>
        <Item Index="1">
            <Name>diagnose</Name>
            <Units></Units>
            <Description></Description>
        </Item>
        <Display>1</Display>
    </Outputs>
    <Display>1</Display>
</NeuralNetwork>
