<NeuralNetwork>
    <Inputs>
        <InputsNumber>2</InputsNumber>
        <Item Index="1">
            <Name>X</Name>
            <Units></Units>
            <Description></Description>
        </Item>
        <Item Index="2">
            <Name>Y</Name>
            <Units></Units>
            <Description></Description>
        </Item>
        <Display>1</Display>
    </Inputs>
    <MultilayerPerceptron>
        <Architecture>2 6 6</Architecture>
        <LayersActivationFunction>HyperbolicTangent Linear</LayersActivationFunction>
        <Parameters>1.29821 0.0734467 -1.66664 1.50737 0.185574 -0.816461 0.403198 2.02582 -0.89842 0.468929 0.985967 0.356958 0.968669 -1.05799 -0.290457 1.47713 1.91702 -1.73691 0.0713501 -1.02714 -0.00443795 0.699991 -0.30862 0.364766 0.45677 1.4983 0.316596 -0.797977 0.859691 0.569868 -0.449282 -1.43154 0.0518416 0.70028 1.06274 -0.0735215 0.358044 0.0896175 -0.903295 0.710306 -0.0479606 -1.10804 -0.258026 -0.535566 0.81305 1.17668 1.17142 1.38953 -0.20341 -0.743589 0.8519 -1.39644 -1.36202 0.832796 -0.931776 -0.124928 -1.16974 -1.35629 -0.129597 2.4649</Parameters>
        <Display>1</Display>
    </MultilayerPerceptron>
    <Outputs>
        <OutputsNumber>6</OutputsNumber>
        <Item Index="1">
            <Name>AND</Name>
            <Units></Units>
            <Description></Description>
        </Item>
        <Item Index="2">
            <Name>OR</Name>
            <Units></Units>
            <Description></Description>
        </Item>
        <Item Index="3">
            <Name>NAND</Name>
            <Units></Units>
            <Description></Description>
        </Item>
        <Item Index="4">
            <Name>NOR</Name>
            <Units></Units>
            <Description></Description>
        </Item>
        <Item Index="5">
            <Name>XNOR</Name>
            <Units></Units>
            <Description></Description>
        </Item>
        <Item Index="6">
            <Name>XNOR</Name>
            <Units></Units>
            <Description></Description>
        </Item>
        <Display>1</Display>
    </Outputs>
    <Display>1</Display>
</NeuralNetwork>
