<NeuralNetwork>
    <Inputs>
        <InputsNumber>1</InputsNumber>
        <Item Index="1">
            <Name>x</Name>
            <Units></Units>
            <Description></Description>
        </Item>
        <Display>1</Display>
    </Inputs>
    <ScalingLayer>
        <ScalingNeuronsNumber>1</ScalingNeuronsNumber>
        <Statistics Index="1">
            <Minimum>0</Minimum>
            <Maximum>1</Maximum>
            <Mean>0.5</Mean>
            <StandardDeviation>0.331662</StandardDeviation>
        </Statistics>
        <ScalingMethod>MinimumMaximum</ScalingMethod>
        <Display>1</Display>
    </ScalingLayer>
    <MultilayerPerceptron>
        <Architecture>1 15 1</Architecture>
        <LayersActivationFunction>HyperbolicTangent Linear</LayersActivationFunction>
        <Parameters>0.85564 0.89718 -0.325969 0.731608 -0.684837 -0.787981 1.0184 0.377568 -1.23474 0.97059 0.171813 1.75671 1.87953 -0.0713927 -0.010052 1.99008 0.25796 -0.437891 -0.207304 2.01787 0.715945 1.95472 -0.817131 0.627374 -1.24211 -1.20362 0.646628 0.00367784 0.380909 0.219535 -0.381473 0.673348 0.540899 -1.35045 1.35936 0.73291 -0.540596 -1.13527 -0.82895 0.306566 -1.02029 -1.2725 2.00791 -1.74517 -0.16707 1.04867</Parameters>
        <Display>1</Display>
    </MultilayerPerceptron>
    <UnscalingLayer>
        <UnscalingNeuronsNumber>1</UnscalingNeuronsNumber>
        <Statistics Index="1">
            <Minimum>0.129</Minimum>
            <Maximum>0.908</Maximum>
            <Mean>0.496091</Mean>
            <StandardDeviation>0.261482</StandardDeviation>
        </Statistics>
        <UnscalingMethod>MinimumMaximum</UnscalingMethod>
        <Display>1</Display>
    </UnscalingLayer>
    <Outputs>
        <OutputsNumber>1</OutputsNumber>
        <Item Index="1">
            <Name>y</Name>
            <Units></Units>
            <Description></Description>
        </Item>
        <Display>1</Display>
    </Outputs>
    <Display>1</Display>
</NeuralNetwork>
