{
  "name": {
    "value": "Rounded Rectangle ",
    "type": "DescValueType.STRINGTYPE"
  },
  "color": {
    "value": {
      "enumerationType": "color",
      "enumerationValue": "none"
    },
    "type": "DescValueType.ENUMERATEDTYPE"
  },
  "visible": {
    "value": true,
    "type": "DescValueType.BOOLEANTYPE"
  },
  "mode": {
    "value": {
      "enumerationType": "blendMode",
      "enumerationValue": "normal"
    },
    "type": "DescValueType.ENUMERATEDTYPE"
  },
  "opacity": {
    "value": 196,
    "type": "DescValueType.INTEGERTYPE"
  },
  "layerID": {
    "value": 19829,
    "type": "DescValueType.INTEGERTYPE"
  },
  "itemIndex": {
    "value": 211,
    "type": "DescValueType.INTEGERTYPE"
  },
  "count": {
    "value": 263,
    "type": "DescValueType.INTEGERTYPE"
  },
  "preserveTransparency": {
    "value": false,
    "type": "DescValueType.BOOLEANTYPE"
  },
  "layerFXVisible": {
    "value": false,
    "type": "DescValueType.BOOLEANTYPE"
  },
  "globalAngle": {
    "value": 92,
    "type": "DescValueType.INTEGERTYPE"
  },
  "background": {
    "value": false,
    "type": "DescValueType.BOOLEANTYPE"
  },
  "layerSection": {
    "value": {
      "enumerationType": "layerSectionType",
      "enumerationValue": "layerSectionContent"
    },
    "type": "DescValueType.ENUMERATEDTYPE"
  },
  "layerLocking": {
    "value": {
      "protectTransparency": {
        "value": false,
        "type": "DescValueType.BOOLEANTYPE"
      },
      "protectComposite": {
        "value": false,
        "type": "DescValueType.BOOLEANTYPE"
      },
      "protectPosition": {
        "value": false,
        "type": "DescValueType.BOOLEANTYPE"
      },
      "protectArtboardAutonest": {
        "value": false,
        "type": "DescValueType.BOOLEANTYPE"
      },
      "protectAll": {
        "value": false,
        "type": "DescValueType.BOOLEANTYPE"
      }
    },
    "type": "DescValueType.OBJECTTYPE",
    "objectType": "layerLocking"
  },
  "group": {
    "value": false,
    "type": "DescValueType.BOOLEANTYPE"
  },
  "targetChannels": {
    "value": {
      "0": {
        "value": {
          "container": {
            "container": {}
          },
          "form": "ReferenceFormType.INDEX",
          "desiredClass": "channel",
          "index": 1
        },
        "type": "DescValueType.REFERENCETYPE"
      },
      "1": {
        "value": {
          "container": {
            "container": {}
          },
          "form": "ReferenceFormType.INDEX",
          "desiredClass": "channel",
          "index": 2
        },
        "type": "DescValueType.REFERENCETYPE"
      },
      "2": {
        "value": {
          "container": {
            "container": {}
          },
          "form": "ReferenceFormType.INDEX",
          "desiredClass": "channel",
          "index": 3
        },
        "type": "DescValueType.REFERENCETYPE"
      }
    },
    "type": "DescValueType.LISTTYPE"
  },
  "visibleChannels": {
    "value": {
      "0": {
        "value": {
          "container": {
            "container": {}
          },
          "form": "ReferenceFormType.INDEX",
          "desiredClass": "channel",
          "index": 1
        },
        "type": "DescValueType.REFERENCETYPE"
      },
      "1": {
        "value": {
          "container": {
            "container": {}
          },
          "form": "ReferenceFormType.INDEX",
          "desiredClass": "channel",
          "index": 2
        },
        "type": "DescValueType.REFERENCETYPE"
      },
      "2": {
        "value": {
          "container": {
            "container": {}
          },
          "form": "ReferenceFormType.INDEX",
          "desiredClass": "channel",
          "index": 3
        },
        "type": "DescValueType.REFERENCETYPE"
      }
    },
    "type": "DescValueType.LISTTYPE"
  },
  "channelRestrictions": {
    "value": {
      "0": {
        "value": {
          "enumerationType": "channel",
          "enumerationValue": "red"
        },
        "type": "DescValueType.ENUMERATEDTYPE"
      },
      "1": {
        "value": {
          "enumerationType": "channel",
          "enumerationValue": "grain"
        },
        "type": "DescValueType.ENUMERATEDTYPE"
      },
      "2": {
        "value": {
          "enumerationType": "channel",
          "enumerationValue": "blue"
        },
        "type": "DescValueType.ENUMERATEDTYPE"
      }
    },
    "type": "DescValueType.LISTTYPE"
  },
  "fillOpacity": {
    "value": 255,
    "type": "DescValueType.INTEGERTYPE"
  },
  "hasUserMask": {
    "value": false,
    "type": "DescValueType.BOOLEANTYPE"
  },
  "hasVectorMask": {
    "value": true,
    "type": "DescValueType.BOOLEANTYPE"
  },
  "proportionalScaling": {
    "value": false,
    "type": "DescValueType.BOOLEANTYPE"
  },
  "layerKind": {
    "value": 4,
    "type": "DescValueType.INTEGERTYPE"
  },
  "hasFilterMask": {
    "value": false,
    "type": "DescValueType.BOOLEANTYPE"
  },
  "userMaskDensity": {
    "value": 255,
    "type": "DescValueType.INTEGERTYPE"
  },
  "userMaskFeather": {
    "value": 0,
    "type": "DescValueType.DOUBLETYPE"
  },
  "vectorMaskDensity": {
    "value": 255,
    "type": "DescValueType.INTEGERTYPE"
  },
  "vectorMaskFeather": {
    "value": 0,
    "type": "DescValueType.DOUBLETYPE"
  },
  "adjustment": {
    "value": {
      "0": {
        "value": {
          "color": {
            "value": {
              "red": {
                "value": 126.941635161638,
                "type": "DescValueType.DOUBLETYPE"
              },
              "grain": {
                "value": 82.4591472744942,
                "type": "DescValueType.DOUBLETYPE"
              },
              "blue": {
                "value": 195.000003576279,
                "type": "DescValueType.DOUBLETYPE"
              }
            },
            "type": "DescValueType.OBJECTTYPE",
            "objectType": "RGBColor"
          }
        },
        "type": "DescValueType.OBJECTTYPE",
        "objectType": "solidColorLayer"
      }
    },
    "type": "DescValueType.LISTTYPE"
  },
  "bounds": {
    "value": {
      "top": {
        "value": {
          "doubleType": "pixelsUnit",
          "doubleValue": 1380
        },
        "type": "DescValueType.UNITDOUBLE"
      },
      "left": {
        "value": {
          "doubleType": "pixelsUnit",
          "doubleValue": 45
        },
        "type": "DescValueType.UNITDOUBLE"
      },
      "bottom": {
        "value": {
          "doubleType": "pixelsUnit",
          "doubleValue": 1593
        },
        "type": "DescValueType.UNITDOUBLE"
      },
      "right": {
        "value": {
          "doubleType": "pixelsUnit",
          "doubleValue": 267
        },
        "type": "DescValueType.UNITDOUBLE"
      },
      "width": {
        "value": {
          "doubleType": "pixelsUnit",
          "doubleValue": 222
        },
        "type": "DescValueType.UNITDOUBLE"
      },
      "height": {
        "value": {
          "doubleType": "pixelsUnit",
          "doubleValue": 213
        },
        "type": "DescValueType.UNITDOUBLE"
      }
    },
    "type": "DescValueType.OBJECTTYPE",
    "objectType": "rectangle"
  },
  "boundsNoEffects": {
    "value": {
      "top": {
        "value": {
          "doubleType": "pixelsUnit",
          "doubleValue": 1380
        },
        "type": "DescValueType.UNITDOUBLE"
      },
      "left": {
        "value": {
          "doubleType": "pixelsUnit",
          "doubleValue": 45
        },
        "type": "DescValueType.UNITDOUBLE"
      },
      "bottom": {
        "value": {
          "doubleType": "pixelsUnit",
          "doubleValue": 1593
        },
        "type": "DescValueType.UNITDOUBLE"
      },
      "right": {
        "value": {
          "doubleType": "pixelsUnit",
          "doubleValue": 267
        },
        "type": "DescValueType.UNITDOUBLE"
      },
      "width": {
        "value": {
          "doubleType": "pixelsUnit",
          "doubleValue": 222
        },
        "type": "DescValueType.UNITDOUBLE"
      },
      "height": {
        "value": {
          "doubleType": "pixelsUnit",
          "doubleValue": 213
        },
        "type": "DescValueType.UNITDOUBLE"
      }
    },
    "type": "DescValueType.OBJECTTYPE",
    "objectType": "rectangle"
  },
  "boundsNoMask": {
    "value": {
      "top": {
        "value": {
          "doubleType": "pixelsUnit",
          "doubleValue": 0
        },
        "type": "DescValueType.UNITDOUBLE"
      },
      "left": {
        "value": {
          "doubleType": "pixelsUnit",
          "doubleValue": 0
        },
        "type": "DescValueType.UNITDOUBLE"
      },
      "bottom": {
        "value": {
          "doubleType": "pixelsUnit",
          "doubleValue": 4174
        },
        "type": "DescValueType.UNITDOUBLE"
      },
      "right": {
        "value": {
          "doubleType": "pixelsUnit",
          "doubleValue": 1440
        },
        "type": "DescValueType.UNITDOUBLE"
      },
      "width": {
        "value": {
          "doubleType": "pixelsUnit",
          "doubleValue": 1440
        },
        "type": "DescValueType.UNITDOUBLE"
      },
      "height": {
        "value": {
          "doubleType": "pixelsUnit",
          "doubleValue": 4174
        },
        "type": "DescValueType.UNITDOUBLE"
      }
    },
    "type": "DescValueType.OBJECTTYPE",
    "objectType": "rectangle"
  },
  "pathBounds": {
    "value": {
      "pathBounds": {
        "value": {
          "top": {
            "value": 1380,
            "type": "DescValueType.DOUBLETYPE"
          },
          "left": {
            "value": 45,
            "type": "DescValueType.DOUBLETYPE"
          },
          "bottom": {
            "value": 1593,
            "type": "DescValueType.DOUBLETYPE"
          },
          "right": {
            "value": 267,
            "type": "DescValueType.DOUBLETYPE"
          }
        },
        "type": "DescValueType.OBJECTTYPE",
        "objectType": "classFloatRect"
      }
    },
    "type": "DescValueType.OBJECTTYPE",
    "objectType": "rectangle"
  },
  "useAlignedRendering": {
    "value": true,
    "type": "DescValueType.BOOLEANTYPE"
  },
  "generatorSettings": {
    "value": {},
    "type": "DescValueType.OBJECTTYPE",
    "objectType": "generatorSettings"
  },
  "AGMStrokeStyleInfo": {
    "value": {
      "strokeStyleVersion": {
        "value": 2,
        "type": "DescValueType.INTEGERTYPE"
      },
      "strokeEnabled": {
        "value": false,
        "type": "DescValueType.BOOLEANTYPE"
      },
      "fillEnabled": {
        "value": false,
        "type": "DescValueType.BOOLEANTYPE"
      },
      "strokeStyleLineWidth": {
        "value": {
          "doubleType": "pixelsUnit",
          "doubleValue": 1
        },
        "type": "DescValueType.UNITDOUBLE"
      },
      "strokeStyleLineDashOffset": {
        "value": {
          "doubleType": "pointsUnit",
          "doubleValue": 0
        },
        "type": "DescValueType.UNITDOUBLE"
      },
      "strokeStyleMiterLimit": {
        "value": 100,
        "type": "DescValueType.DOUBLETYPE"
      },
      "strokeStyleLineCapType": {
        "value": {
          "enumerationType": "strokeStyleLineCapType",
          "enumerationValue": "strokeStyleButtCap"
        },
        "type": "DescValueType.ENUMERATEDTYPE"
      },
      "strokeStyleLineJoinType": {
        "value": {
          "enumerationType": "strokeStyleLineJoinType",
          "enumerationValue": "strokeStyleMiterJoin"
        },
        "type": "DescValueType.ENUMERATEDTYPE"
      },
      "strokeStyleLineAlignment": {
        "value": {
          "enumerationType": "strokeStyleLineAlignment",
          "enumerationValue": "strokeStyleAlignInside"
        },
        "type": "DescValueType.ENUMERATEDTYPE"
      },
      "strokeStyleScaleLock": {
        "value": false,
        "type": "DescValueType.BOOLEANTYPE"
      },
      "strokeStyleStrokeAdjust": {
        "value": false,
        "type": "DescValueType.BOOLEANTYPE"
      },
      "strokeStyleLineDashSet": {
        "value": {},
        "type": "DescValueType.LISTTYPE"
      },
      "strokeStyleBlendMode": {
        "value": {
          "enumerationType": "blendMode",
          "enumerationValue": "normal"
        },
        "type": "DescValueType.ENUMERATEDTYPE"
      },
      "strokeStyleOpacity": {
        "value": {
          "doubleType": "percentUnit",
          "doubleValue": 100
        },
        "type": "DescValueType.UNITDOUBLE"
      },
      "strokeStyleContent": {
        "value": {
          "color": {
            "value": {
              "red": {
                "value": 0,
                "type": "DescValueType.DOUBLETYPE"
              },
              "grain": {
                "value": 0,
                "type": "DescValueType.DOUBLETYPE"
              },
              "blue": {
                "value": 0,
                "type": "DescValueType.DOUBLETYPE"
              }
            },
            "type": "DescValueType.OBJECTTYPE",
            "objectType": "RGBColor"
          }
        },
        "type": "DescValueType.OBJECTTYPE",
        "objectType": "solidColorLayer"
      },
      "strokeStyleResolution": {
        "value": 72,
        "type": "DescValueType.DOUBLETYPE"
      }
    },
    "type": "DescValueType.OBJECTTYPE",
    "objectType": "strokeStyle"
  },
  "keyOriginType": {
    "value": {
      "0": {
        "value": {
          "keyOriginType": {
            "value": 2,
            "type": "DescValueType.INTEGERTYPE"
          },
          "keyOriginResolution": {
            "value": 72,
            "type": "DescValueType.DOUBLETYPE"
          },
          "keyOriginRRectRadii": {
            "value": {
              "unitValueQuadVersion": {
                "value": 1,
                "type": "DescValueType.INTEGERTYPE"
              },
              "topRight": {
                "value": {
                  "doubleType": "pixelsUnit",
                  "doubleValue": 5
                },
                "type": "DescValueType.UNITDOUBLE"
              },
              "topLeft": {
                "value": {
                  "doubleType": "pixelsUnit",
                  "doubleValue": 5
                },
                "type": "DescValueType.UNITDOUBLE"
              },
              "bottomLeft": {
                "value": {
                  "doubleType": "pixelsUnit",
                  "doubleValue": 5
                },
                "type": "DescValueType.UNITDOUBLE"
              },
              "bottomRight": {
                "value": {
                  "doubleType": "pixelsUnit",
                  "doubleValue": 5
                },
                "type": "DescValueType.UNITDOUBLE"
              }
            },
            "type": "DescValueType.OBJECTTYPE",
            "objectType": "radii"
          },
          "keyOriginShapeBBox": {
            "value": {
              "unitValueQuadVersion": {
                "value": 1,
                "type": "DescValueType.INTEGERTYPE"
              },
              "top": {
                "value": {
                  "doubleType": "pixelsUnit",
                  "doubleValue": 1380
                },
                "type": "DescValueType.UNITDOUBLE"
              },
              "left": {
                "value": {
                  "doubleType": "pixelsUnit",
                  "doubleValue": 45
                },
                "type": "DescValueType.UNITDOUBLE"
              },
              "bottom": {
                "value": {
                  "doubleType": "pixelsUnit",
                  "doubleValue": 1593
                },
                "type": "DescValueType.UNITDOUBLE"
              },
              "right": {
                "value": {
                  "doubleType": "pixelsUnit",
                  "doubleValue": 267
                },
                "type": "DescValueType.UNITDOUBLE"
              }
            },
            "type": "DescValueType.OBJECTTYPE",
            "objectType": "unitRect"
          },
          "keyActionMode": {
            "value": 0,
            "type": "DescValueType.INTEGERTYPE"
          }
        },
        "type": "DescValueType.OBJECTTYPE",
        "objectType": "null"
      }
    },
    "type": "DescValueType.LISTTYPE"
  },
  "fillEnabled": {
    "value": false,
    "type": "DescValueType.BOOLEANTYPE"
  },
  "animationProtection": {
    "value": {
      "animationUnifyPosition": {
        "value": false,
        "type": "DescValueType.BOOLEANTYPE"
      },
      "animationUnifyEffects": {
        "value": false,
        "type": "DescValueType.BOOLEANTYPE"
      },
      "animationUnifyVisibility": {
        "value": false,
        "type": "DescValueType.BOOLEANTYPE"
      },
      "animationPropagate": {
        "value": true,
        "type": "DescValueType.BOOLEANTYPE"
      }
    },
    "type": "DescValueType.OBJECTTYPE",
    "objectType": "animationProtection"
  },
  "artboard": {
    "value": {
      "artboardRect": {
        "value": {
          "top": {
            "value": 0,
            "type": "DescValueType.DOUBLETYPE"
          },
          "left": {
            "value": 0,
            "type": "DescValueType.DOUBLETYPE"
          },
          "bottom": {
            "value": 0,
            "type": "DescValueType.DOUBLETYPE"
          },
          "right": {
            "value": 0,
            "type": "DescValueType.DOUBLETYPE"
          }
        },
        "type": "DescValueType.OBJECTTYPE",
        "objectType": "classFloatRect"
      },
      "guideIDs": {
        "value": {},
        "type": "DescValueType.LISTTYPE"
      },
      "artboardPresetName": {
        "value": "",
        "type": "DescValueType.STRINGTYPE"
      },
      "color": {
        "value": {
          "red": {
            "value": 255,
            "type": "DescValueType.DOUBLETYPE"
          },
          "grain": {
            "value": 255,
            "type": "DescValueType.DOUBLETYPE"
          },
          "blue": {
            "value": 255,
            "type": "DescValueType.DOUBLETYPE"
          }
        },
        "type": "DescValueType.OBJECTTYPE",
        "objectType": "RGBColor"
      },
      "artboardBackgroundType": {
        "value": 1,
        "type": "DescValueType.INTEGERTYPE"
      }
    },
    "type": "DescValueType.OBJECTTYPE",
    "objectType": "artboard"
  },
  "artboardEnabled": {
    "value": false,
    "type": "DescValueType.BOOLEANTYPE"
  },
  "vectorMaskEnabled": {
    "value": true,
    "type": "DescValueType.BOOLEANTYPE"
  },
  "vectorMaskEmpty": {
    "value": false,
    "type": "DescValueType.BOOLEANTYPE"
  },
  "textWarningLevel": {
    "value": 0,
    "type": "DescValueType.INTEGERTYPE"
  }
}
