<DataSet>
    <DataFile>
        <DataFileName>../data/iris_plant.dat</DataFileName>
        <HeaderLine>0</HeaderLine>
        <Separator>Space</Separator>
        <MissingValuesLabel>?</MissingValuesLabel>
    </DataFile>
    <Variables>
        <VariablesNumber>7</VariablesNumber>
        <Item Index="1">
            <Name>sepal_length</Name>
            <Units>centimeters</Units>
            <Description></Description>
            <Use>Input</Use>
        </Item>
        <Item Index="2">
            <Name>sepal_width</Name>
            <Units>centimeters</Units>
            <Description></Description>
            <Use>Input</Use>
        </Item>
        <Item Index="3">
            <Name>petal_length</Name>
            <Units>centimeters</Units>
            <Description></Description>
            <Use>Input</Use>
        </Item>
        <Item Index="4">
            <Name>petal_width</Name>
            <Units>centimeters</Units>
            <Description></Description>
            <Use>Input</Use>
        </Item>
        <Item Index="5">
            <Name>iris_setosa</Name>
            <Units></Units>
            <Description></Description>
            <Use>Target</Use>
        </Item>
        <Item Index="6">
            <Name>iris_versicolour</Name>
            <Units></Units>
            <Description></Description>
            <Use>Target</Use>
        </Item>
        <Item Index="7">
            <Name>iris_virginica</Name>
            <Units></Units>
            <Description></Description>
            <Use>Target</Use>
        </Item>
        <Display>1</Display>
    </Variables>
    <Instances>
        <InstancesNumber>150</InstancesNumber>
        <Item Index="1">
            <Use>Training</Use>
        </Item>
        <Item Index="2">
            <Use>Training</Use>
        </Item>
        <Item Index="3">
            <Use>Testing</Use>
        </Item>
        <Item Index="4">
            <Use>Training</Use>
        </Item>
        <Item Index="5">
            <Use>Training</Use>
        </Item>
        <Item Index="6">
            <Use>Training</Use>
        </Item>
        <Item Index="7">
            <Use>Training</Use>
        </Item>
        <Item Index="8">
            <Use>Testing</Use>
        </Item>
        <Item Index="9">
            <Use>Training</Use>
        </Item>
        <Item Index="10">
            <Use>Training</Use>
        </Item>
        <Item Index="11">
            <Use>Testing</Use>
        </Item>
        <Item Index="12">
            <Use>Training</Use>
        </Item>
        <Item Index="13">
            <Use>Training</Use>
        </Item>
        <Item Index="14">
            <Use>Training</Use>
        </Item>
        <Item Index="15">
            <Use>Training</Use>
        </Item>
        <Item Index="16">
            <Use>Training</Use>
        </Item>
        <Item Index="17">
            <Use>Training</Use>
        </Item>
        <Item Index="18">
            <Use>Training</Use>
        </Item>
        <Item Index="19">
            <Use>Training</Use>
        </Item>
        <Item Index="20">
            <Use>Testing</Use>
        </Item>
        <Item Index="21">
            <Use>Training</Use>
        </Item>
        <Item Index="22">
            <Use>Training</Use>
        </Item>
        <Item Index="23">
            <Use>Training</Use>
        </Item>
        <Item Index="24">
            <Use>Training</Use>
        </Item>
        <Item Index="25">
            <Use>Testing</Use>
        </Item>
        <Item Index="26">
            <Use>Training</Use>
        </Item>
        <Item Index="27">
            <Use>Training</Use>
        </Item>
        <Item Index="28">
            <Use>Testing</Use>
        </Item>
        <Item Index="29">
            <Use>Training</Use>
        </Item>
        <Item Index="30">
            <Use>Testing</Use>
        </Item>
        <Item Index="31">
            <Use>Testing</Use>
        </Item>
        <Item Index="32">
            <Use>Training</Use>
        </Item>
        <Item Index="33">
            <Use>Training</Use>
        </Item>
        <Item Index="34">
            <Use>Training</Use>
        </Item>
        <Item Index="35">
            <Use>Training</Use>
        </Item>
        <Item Index="36">
            <Use>Training</Use>
        </Item>
        <Item Index="37">
            <Use>Training</Use>
        </Item>
        <Item Index="38">
            <Use>Training</Use>
        </Item>
        <Item Index="39">
            <Use>Training</Use>
        </Item>
        <Item Index="40">
            <Use>Training</Use>
        </Item>
        <Item Index="41">
            <Use>Training</Use>
        </Item>
        <Item Index="42">
            <Use>Training</Use>
        </Item>
        <Item Index="43">
            <Use>Training</Use>
        </Item>
        <Item Index="44">
            <Use>Training</Use>
        </Item>
        <Item Index="45">
            <Use>Training</Use>
        </Item>
        <Item Index="46">
            <Use>Testing</Use>
        </Item>
        <Item Index="47">
            <Use>Training</Use>
        </Item>
        <Item Index="48">
            <Use>Training</Use>
        </Item>
        <Item Index="49">
            <Use>Training</Use>
        </Item>
        <Item Index="50">
            <Use>Training</Use>
        </Item>
        <Item Index="51">
            <Use>Training</Use>
        </Item>
        <Item Index="52">
            <Use>Testing</Use>
        </Item>
        <Item Index="53">
            <Use>Testing</Use>
        </Item>
        <Item Index="54">
            <Use>Training</Use>
        </Item>
        <Item Index="55">
            <Use>Training</Use>
        </Item>
        <Item Index="56">
            <Use>Training</Use>
        </Item>
        <Item Index="57">
            <Use>Training</Use>
        </Item>
        <Item Index="58">
            <Use>Training</Use>
        </Item>
        <Item Index="59">
            <Use>Testing</Use>
        </Item>
        <Item Index="60">
            <Use>Testing</Use>
        </Item>
        <Item Index="61">
            <Use>Training</Use>
        </Item>
        <Item Index="62">
            <Use>Training</Use>
        </Item>
        <Item Index="63">
            <Use>Training</Use>
        </Item>
        <Item Index="64">
            <Use>Training</Use>
        </Item>
        <Item Index="65">
            <Use>Training</Use>
        </Item>
        <Item Index="66">
            <Use>Testing</Use>
        </Item>
        <Item Index="67">
            <Use>Training</Use>
        </Item>
        <Item Index="68">
            <Use>Training</Use>
        </Item>
        <Item Index="69">
            <Use>Training</Use>
        </Item>
        <Item Index="70">
            <Use>Training</Use>
        </Item>
        <Item Index="71">
            <Use>Training</Use>
        </Item>
        <Item Index="72">
            <Use>Training</Use>
        </Item>
        <Item Index="73">
            <Use>Testing</Use>
        </Item>
        <Item Index="74">
            <Use>Training</Use>
        </Item>
        <Item Index="75">
            <Use>Training</Use>
        </Item>
        <Item Index="76">
            <Use>Testing</Use>
        </Item>
        <Item Index="77">
            <Use>Training</Use>
        </Item>
        <Item Index="78">
            <Use>Training</Use>
        </Item>
        <Item Index="79">
            <Use>Training</Use>
        </Item>
        <Item Index="80">
            <Use>Training</Use>
        </Item>
        <Item Index="81">
            <Use>Testing</Use>
        </Item>
        <Item Index="82">
            <Use>Training</Use>
        </Item>
        <Item Index="83">
            <Use>Training</Use>
        </Item>
        <Item Index="84">
            <Use>Training</Use>
        </Item>
        <Item Index="85">
            <Use>Training</Use>
        </Item>
        <Item Index="86">
            <Use>Training</Use>
        </Item>
        <Item Index="87">
            <Use>Testing</Use>
        </Item>
        <Item Index="88">
            <Use>Testing</Use>
        </Item>
        <Item Index="89">
            <Use>Training</Use>
        </Item>
        <Item Index="90">
            <Use>Training</Use>
        </Item>
        <Item Index="91">
            <Use>Training</Use>
        </Item>
        <Item Index="92">
            <Use>Training</Use>
        </Item>
        <Item Index="93">
            <Use>Training</Use>
        </Item>
        <Item Index="94">
            <Use>Training</Use>
        </Item>
        <Item Index="95">
            <Use>Testing</Use>
        </Item>
        <Item Index="96">
            <Use>Training</Use>
        </Item>
        <Item Index="97">
            <Use>Training</Use>
        </Item>
        <Item Index="98">
            <Use>Training</Use>
        </Item>
        <Item Index="99">
            <Use>Training</Use>
        </Item>
        <Item Index="100">
            <Use>Training</Use>
        </Item>
        <Item Index="101">
            <Use>Training</Use>
        </Item>
        <Item Index="102">
            <Use>Testing</Use>
        </Item>
        <Item Index="103">
            <Use>Training</Use>
        </Item>
        <Item Index="104">
            <Use>Training</Use>
        </Item>
        <Item Index="105">
            <Use>Training</Use>
        </Item>
        <Item Index="106">
            <Use>Training</Use>
        </Item>
        <Item Index="107">
            <Use>Testing</Use>
        </Item>
        <Item Index="108">
            <Use>Training</Use>
        </Item>
        <Item Index="109">
            <Use>Training</Use>
        </Item>
        <Item Index="110">
            <Use>Training</Use>
        </Item>
        <Item Index="111">
            <Use>Training</Use>
        </Item>
        <Item Index="112">
            <Use>Training</Use>
        </Item>
        <Item Index="113">
            <Use>Testing</Use>
        </Item>
        <Item Index="114">
            <Use>Training</Use>
        </Item>
        <Item Index="115">
            <Use>Training</Use>
        </Item>
        <Item Index="116">
            <Use>Training</Use>
        </Item>
        <Item Index="117">
            <Use>Testing</Use>
        </Item>
        <Item Index="118">
            <Use>Training</Use>
        </Item>
        <Item Index="119">
            <Use>Training</Use>
        </Item>
        <Item Index="120">
            <Use>Testing</Use>
        </Item>
        <Item Index="121">
            <Use>Training</Use>
        </Item>
        <Item Index="122">
            <Use>Training</Use>
        </Item>
        <Item Index="123">
            <Use>Testing</Use>
        </Item>
        <Item Index="124">
            <Use>Training</Use>
        </Item>
        <Item Index="125">
            <Use>Training</Use>
        </Item>
        <Item Index="126">
            <Use>Training</Use>
        </Item>
        <Item Index="127">
            <Use>Training</Use>
        </Item>
        <Item Index="128">
            <Use>Testing</Use>
        </Item>
        <Item Index="129">
            <Use>Testing</Use>
        </Item>
        <Item Index="130">
            <Use>Testing</Use>
        </Item>
        <Item Index="131">
            <Use>Testing</Use>
        </Item>
        <Item Index="132">
            <Use>Training</Use>
        </Item>
        <Item Index="133">
            <Use>Training</Use>
        </Item>
        <Item Index="134">
            <Use>Training</Use>
        </Item>
        <Item Index="135">
            <Use>Training</Use>
        </Item>
        <Item Index="136">
            <Use>Training</Use>
        </Item>
        <Item Index="137">
            <Use>Testing</Use>
        </Item>
        <Item Index="138">
            <Use>Training</Use>
        </Item>
        <Item Index="139">
            <Use>Training</Use>
        </Item>
        <Item Index="140">
            <Use>Training</Use>
        </Item>
        <Item Index="141">
            <Use>Testing</Use>
        </Item>
        <Item Index="142">
            <Use>Testing</Use>
        </Item>
        <Item Index="143">
            <Use>Training</Use>
        </Item>
        <Item Index="144">
            <Use>Training</Use>
        </Item>
        <Item Index="145">
            <Use>Training</Use>
        </Item>
        <Item Index="146">
            <Use>Testing</Use>
        </Item>
        <Item Index="147">
            <Use>Testing</Use>
        </Item>
        <Item Index="148">
            <Use>Testing</Use>
        </Item>
        <Item Index="149">
            <Use>Testing</Use>
        </Item>
        <Item Index="150">
            <Use>Training</Use>
        </Item>
        <Display>1</Display>
    </Instances>
    <MissingValues>
        <InstancesNumber>150</InstancesNumber>
        <VariablesNumber>7</VariablesNumber>
        <ScrubbingMethod>Unuse</ScrubbingMethod>
        <MissingValuesNumber>0</MissingValuesNumber>
        <Display>1</Display>
    </MissingValues>
    <Display>1</Display>
</DataSet>
