<NeuralNetwork>
    <Inputs>
        <InputsNumber>4</InputsNumber>
        <Item Index="1">
            <Name>sepal_length</Name>
            <Units>centimeters</Units>
            <Description></Description>
        </Item>
        <Item Index="2">
            <Name>sepal_width</Name>
            <Units>centimeters</Units>
            <Description></Description>
        </Item>
        <Item Index="3">
            <Name>petal_length</Name>
            <Units>centimeters</Units>
            <Description></Description>
        </Item>
        <Item Index="4">
            <Name>petal_width</Name>
            <Units>centimeters</Units>
            <Description></Description>
        </Item>
        <Display>1</Display>
    </Inputs>
    <ScalingLayer>
        <ScalingNeuronsNumber>4</ScalingNeuronsNumber>
        <Statistics Index="1">
            <Minimum>4.3</Minimum>
            <Maximum>7.9</Maximum>
            <Mean>5.84333</Mean>
            <StandardDeviation>0.828066</StandardDeviation>
        </Statistics>
        <Statistics Index="2">
            <Minimum>2</Minimum>
            <Maximum>4.4</Maximum>
            <Mean>3.05733</Mean>
            <StandardDeviation>0.435866</StandardDeviation>
        </Statistics>
        <Statistics Index="3">
            <Minimum>1</Minimum>
            <Maximum>6.9</Maximum>
            <Mean>3.758</Mean>
            <StandardDeviation>1.7653</StandardDeviation>
        </Statistics>
        <Statistics Index="4">
            <Minimum>0.1</Minimum>
            <Maximum>2.5</Maximum>
            <Mean>1.19933</Mean>
            <StandardDeviation>0.762238</StandardDeviation>
        </Statistics>
        <ScalingMethod>MinimumMaximum</ScalingMethod>
        <Display>1</Display>
    </ScalingLayer>
    <MultilayerPerceptron>
        <Architecture>4 6 3</Architecture>
        <LayersActivationFunction>HyperbolicTangent Linear</LayersActivationFunction>
        <Parameters>-16.333 -9.81295 9.54574 -33.9031 -3.57943 16.9681 11.6017 -21.3547 39.0552 -9.58018 -8.20558 -31.9317 59.4556 -28.1863 -28.2549 6.10785 -14.2801 -14.9563 -2.75839 29.9703 14.9297 -22.227 -18.3071 38.8593 41.3407 -138.309 -57.1747 -81.2557 280.133 111.982 0.499547 0.52687 18.5687 10.6776 -0.00261466 -7.86131 -5.96236e-05 0.0154188 -3.40531 -13.6247 -9.26827 0.0101573 1.44062 -0.485033 0.484991 2.34153 -19.6892 -24.2007 -0.0033182 -2.16646 0.484857</Parameters>
        <Display>1</Display>
    </MultilayerPerceptron>
    <ProbabilisticLayer>
        <ProbabilisticNeuronsNumber>3</ProbabilisticNeuronsNumber>
        <ProbabilisticMethod>Softmax</ProbabilisticMethod>
        <Display>1</Display>
    </ProbabilisticLayer>
    <Outputs>
        <OutputsNumber>3</OutputsNumber>
        <Item Index="1">
            <Name>iris_setosa</Name>
            <Units></Units>
            <Description></Description>
        </Item>
        <Item Index="2">
            <Name>iris_versicolour</Name>
            <Units></Units>
            <Description></Description>
        </Item>
        <Item Index="3">
            <Name>iris_virginica</Name>
            <Units></Units>
            <Description></Description>
        </Item>
        <Display>1</Display>
    </Outputs>
    <Display>1</Display>
</NeuralNetwork>
