<DataSet>
    <DataFile>
        <DataFileName>../data/simple_pattern_recognition.dat</DataFileName>
        <HeaderLine>0</HeaderLine>
        <Separator>Space</Separator>
        <MissingValuesLabel>?</MissingValuesLabel>
    </DataFile>
    <Variables>
        <VariablesNumber>3</VariablesNumber>
        <Item Index="1">
            <Name>x1</Name>
            <Units></Units>
            <Description></Description>
            <Use>Input</Use>
        </Item>
        <Item Index="2">
            <Name>x2</Name>
            <Units></Units>
            <Description></Description>
            <Use>Input</Use>
        </Item>
        <Item Index="3">
            <Name>y</Name>
            <Units></Units>
            <Description></Description>
            <Use>Target</Use>
        </Item>
        <Display>1</Display>
    </Variables>
    <Instances>
        <InstancesNumber>30</InstancesNumber>
        <Item Index="1">
            <Use>Testing</Use>
        </Item>
        <Item Index="2">
            <Use>Testing</Use>
        </Item>
        <Item Index="3">
            <Use>Testing</Use>
        </Item>
        <Item Index="4">
            <Use>Testing</Use>
        </Item>
        <Item Index="5">
            <Use>Testing</Use>
        </Item>
        <Item Index="6">
            <Use>Testing</Use>
        </Item>
        <Item Index="7">
            <Use>Testing</Use>
        </Item>
        <Item Index="8">
            <Use>Testing</Use>
        </Item>
        <Item Index="9">
            <Use>Testing</Use>
        </Item>
        <Item Index="10">
            <Use>Testing</Use>
        </Item>
        <Item Index="11">
            <Use>Testing</Use>
        </Item>
        <Item Index="12">
            <Use>Testing</Use>
        </Item>
        <Item Index="13">
            <Use>Testing</Use>
        </Item>
        <Item Index="14">
            <Use>Testing</Use>
        </Item>
        <Item Index="15">
            <Use>Testing</Use>
        </Item>
        <Item Index="16">
            <Use>Testing</Use>
        </Item>
        <Item Index="17">
            <Use>Testing</Use>
        </Item>
        <Item Index="18">
            <Use>Testing</Use>
        </Item>
        <Item Index="19">
            <Use>Testing</Use>
        </Item>
        <Item Index="20">
            <Use>Testing</Use>
        </Item>
        <Item Index="21">
            <Use>Testing</Use>
        </Item>
        <Item Index="22">
            <Use>Testing</Use>
        </Item>
        <Item Index="23">
            <Use>Testing</Use>
        </Item>
        <Item Index="24">
            <Use>Testing</Use>
        </Item>
        <Item Index="25">
            <Use>Testing</Use>
        </Item>
        <Item Index="26">
            <Use>Testing</Use>
        </Item>
        <Item Index="27">
            <Use>Testing</Use>
        </Item>
        <Item Index="28">
            <Use>Testing</Use>
        </Item>
        <Item Index="29">
            <Use>Testing</Use>
        </Item>
        <Item Index="30">
            <Use>Testing</Use>
        </Item>
        <Display>1</Display>
    </Instances>
    <MissingValues>
        <InstancesNumber>30</InstancesNumber>
        <VariablesNumber>3</VariablesNumber>
        <ScrubbingMethod>Unuse</ScrubbingMethod>
        <MissingValuesNumber>0</MissingValuesNumber>
        <Display>1</Display>
    </MissingValues>
    <Display>1</Display>
</DataSet>
