<NeuralNetwork>
    <Inputs>
        <InputsNumber>2</InputsNumber>
        <Item Index="1">
            <Name>x1</Name>
            <Units></Units>
            <Description></Description>
        </Item>
        <Item Index="2">
            <Name>x2</Name>
            <Units></Units>
            <Description></Description>
        </Item>
        <Display>1</Display>
    </Inputs>
    <ScalingLayer>
        <ScalingNeuronsNumber>2</ScalingNeuronsNumber>
        <Statistics Index="1">
            <Minimum>0.186207</Minimum>
            <Maximum>0.868056</Maximum>
            <Mean>0.497146</Mean>
            <StandardDeviation>0.190358</StandardDeviation>
        </Statistics>
        <Statistics Index="2">
            <Minimum>0.149351</Minimum>
            <Maximum>0.875</Maximum>
            <Mean>0.488018</Mean>
            <StandardDeviation>0.198204</StandardDeviation>
        </Statistics>
        <ScalingMethod>MinimumMaximum</ScalingMethod>
        <Display>1</Display>
    </ScalingLayer>
    <MultilayerPerceptron>
        <Architecture>2 2 1</Architecture>
        <LayersActivationFunction>HyperbolicTangent Logistic</LayersActivationFunction>
        <Parameters>-1.61539 10.6765 -14.1222 -2.57401 -4.67849 7.61649 -5.28213 -38.0042 0.834019</Parameters>
        <Display>1</Display>
    </MultilayerPerceptron>
    <Outputs>
        <OutputsNumber>1</OutputsNumber>
        <Item Index="1">
            <Name>y</Name>
            <Units></Units>
            <Description></Description>
        </Item>
        <Display>1</Display>
    </Outputs>
    <Display>1</Display>
</NeuralNetwork>
