<NeuralNetwork>
    <Inputs>
        <InputsNumber>5</InputsNumber>
        <Item Index="1">
            <Name>frequency</Name>
            <Units>hertzs</Units>
            <Description></Description>
        </Item>
        <Item Index="2">
            <Name>angle_of_attack</Name>
            <Units>degrees</Units>
            <Description></Description>
        </Item>
        <Item Index="3">
            <Name>chord_length</Name>
            <Units>meters</Units>
            <Description></Description>
        </Item>
        <Item Index="4">
            <Name>free_stream_velocity</Name>
            <Units>meters per second</Units>
            <Description></Description>
        </Item>
        <Item Index="5">
            <Name>suction_side_displacement_thickness</Name>
            <Units>meters</Units>
            <Description></Description>
        </Item>
        <Display>1</Display>
    </Inputs>
    <ScalingLayer>
        <ScalingNeuronsNumber>5</ScalingNeuronsNumber>
        <Statistics Index="1">
            <Minimum>200</Minimum>
            <Maximum>20000</Maximum>
            <Mean>2886.38</Mean>
            <StandardDeviation>3152.57</StandardDeviation>
        </Statistics>
        <Statistics Index="2">
            <Minimum>0</Minimum>
            <Maximum>22.2</Maximum>
            <Mean>6.7823</Mean>
            <StandardDeviation>5.91813</StandardDeviation>
        </Statistics>
        <Statistics Index="3">
            <Minimum>0.0254</Minimum>
            <Maximum>0.3048</Maximum>
            <Mean>0.136548</Mean>
            <StandardDeviation>0.0935407</StandardDeviation>
        </Statistics>
        <Statistics Index="4">
            <Minimum>31.7</Minimum>
            <Maximum>71.3</Maximum>
            <Mean>50.8607</Mean>
            <StandardDeviation>15.5728</StandardDeviation>
        </Statistics>
        <Statistics Index="5">
            <Minimum>0.000400682</Minimum>
            <Maximum>0.0584113</Maximum>
            <Mean>0.0111399</Mean>
            <StandardDeviation>0.0131502</StandardDeviation>
        </Statistics>
        <ScalingMethod>MinimumMaximum</ScalingMethod>
        <Display>1</Display>
    </ScalingLayer>
    <MultilayerPerceptron>
        <Architecture>5 9 1</Architecture>
        <LayersActivationFunction>HyperbolicTangent Linear</LayersActivationFunction>
        <Parameters>-3.31648 0.671944 0.0205218 -4.29656 -0.0914242 0.233722 -0.445416 -0.947319 -0.678076 -0.0327525 0.155702 -0.528013 -5.2759 0.575276 0.278162 -6.67525 -0.0911916 -0.16045 4.43088 1.22397 -4.48641 -2.68126 0.0761519 2.21383 5.06953 3.32077 0.163565 0.523284 -0.0777936 2.85793 2.13085 3.65082 -2.12957 0.157002 -0.142013 -0.899563 6.59607 5.93431 -0.245362 0.16643 -0.0451005 0.764555 8.88137 9.07265 -0.597851 0.162633 -0.0565526 0.87834 -0.631861 4.00974 0.496478 -2.00607 0.261393 -1.78365 0.593866 2.44901 1.05213 -1.78736 -2.15133 -0.595529 -0.453854 3.76784 -1.51405 0.147587</Parameters>
        <Display>1</Display>
    </MultilayerPerceptron>
    <UnscalingLayer>
        <UnscalingNeuronsNumber>1</UnscalingNeuronsNumber>
        <Statistics Index="1">
            <Minimum>103.38</Minimum>
            <Maximum>140.987</Maximum>
            <Mean>124.836</Mean>
            <StandardDeviation>6.89866</StandardDeviation>
        </Statistics>
        <UnscalingMethod>MinimumMaximum</UnscalingMethod>
        <Display>1</Display>
    </UnscalingLayer>
    <Outputs>
        <OutputsNumber>1</OutputsNumber>
        <Item Index="1">
            <Name>scaled_sound_pressure_level</Name>
            <Units>decibels</Units>
            <Description></Description>
        </Item>
        <Display>1</Display>
    </Outputs>
    <Display>1</Display>
</NeuralNetwork>
