<?xml version="1.0" encoding="UTF-8"?>
<LSPRITE flags="536870912">
  <Images>
    <Image file="soldier.png">
      <Palettes />
    </Image>
  </Images>
  <Modules>
    <Module h="8" w="8" x="6" y="3" image="0" />
    <Module h="8" w="8" x="15" y="3" image="0" />
    <Module h="9" w="8" x="24" y="2" image="0" />
    <Module h="8" w="8" x="35" y="3" image="0" />
    <Module h="5" w="6" x="5" y="13" image="0" />
    <Module h="5" w="5" x="12" y="13" image="0" />
    <Module h="5" w="4" x="18" y="13" image="0" />
    <Module h="5" w="4" x="23" y="13" image="0" />
    <Module h="5" w="4" x="28" y="13" image="0" />
    <Module h="5" w="5" x="5" y="19" image="0" />
    <Module h="5" w="4" x="11" y="19" image="0" />
    <Module h="5" w="4" x="17" y="19" image="0" />
    <Module h="5" w="5" x="22" y="19" image="0" />
    <Module h="5" w="4" x="28" y="19" image="0" />
    <Module h="4" w="21" x="4" y="26" image="0" />
    <Module h="10" w="8" x="32" y="20" image="0" />
    <Module h="16" w="22" x="49" y="2" image="0" />
    <Module h="18" w="20" x="73" y="2" image="0" />
    <Module h="4" w="8" x="98" y="1" image="0" />
    <Module h="13" w="9" x="97" y="8" image="0" />
    <Module h="13" w="19" x="112" y="4" image="0" />
    <Module h="3" w="8" x="120" y="17" image="0" />
    <Module h="15" w="31" x="133" y="3" image="0" />
    <Module h="16" w="25" x="165" y="3" image="0" />
    <Module h="16" w="21" x="190" y="2" image="0" />
    <Module h="7" w="11" x="214" y="5" image="0" />
    <Module h="4" w="5" x="228" y="7" image="0" />
    <Module h="15" w="26" x="206" y="22" image="0" />
    <Module h="15" w="26" x="177" y="24" image="0" />
    <Module h="15" w="26" x="150" y="23" image="0" />
    <Module h="15" w="29" x="118" y="22" image="0" />
    <Module h="17" w="28" x="87" y="22" image="0" />
    <Module h="14" w="17" x="68" y="23" image="0" />
    <Module h="10" w="17" x="48" y="22" image="0" />
    <Module h="22" w="25" x="3" y="38" image="0" />
    <Module h="21" w="28" x="36" y="38" image="0" />
    <Module h="22" w="11" x="75" y="41" image="0" />
    <Module h="21" w="17" x="95" y="42" image="0" />
    <Module h="22" w="25" x="125" y="41" image="0" />
    <Module h="21" w="28" x="162" y="40" image="0" />
    <Module h="22" w="17" x="202" y="40" image="0" />
    <Module h="23" w="17" x="233" y="39" image="0" />
    <Module h="4" w="1" x="229" y="67" image="0" />
    <Module h="5" w="5" x="233" y="66" image="0" />
    <Module h="17" w="19" x="222" y="71" image="0" />
    <Module h="21" w="14" x="197" y="67" image="0" />
    <Module h="19" w="19" x="166" y="67" image="0" />
    <Module h="21" w="22" x="132" y="67" image="0" />
    <Module h="23" w="21" x="93" y="66" image="0" />
    <Module h="19" w="12" x="72" y="68" image="0" />
    <Module h="17" w="21" x="37" y="69" image="0" />
    <Module h="17" w="24" x="3" y="73" image="0" />
    <Module h="11" w="17" x="4" y="95" image="0" />
    <Module h="3" w="46" x="155" y="122" image="0" />
    <Module h="5" w="33" x="121" y="121" image="0" />
    <Module h="4" w="29" x="90" y="122" image="0" />
    <Module h="4" w="25" x="64" y="122" image="0" />
    <Module h="4" w="31" x="32" y="123" image="0" />
    <Module h="4" w="31" x="0" y="122" image="0" />
    <Module h="20" w="19" x="24" y="93" image="0" />
    <Module h="22" w="15" x="44" y="91" image="0" />
    <Module h="14" w="19" x="69" y="93" image="0" />
    <Module h="7" w="8" x="66" y="111" image="0" />
    <Module h="8" w="9" x="83" y="108" image="0" />
    <Module h="15" w="19" x="91" y="92" image="0" />
    <Module h="8" w="8" x="108" y="109" image="0" />
    <Module h="7" w="8" x="125" y="109" image="0" />
    <Module h="15" w="19" x="110" y="94" image="0" />
    <Module h="15" w="19" x="133" y="94" image="0" />
    <Module h="7" w="6" x="158" y="93" image="0" />
    <Module h="6" w="7" x="167" y="94" image="0" />
    <Module h="5" w="7" x="176" y="95" image="0" />
    <Module h="8" w="6" x="185" y="92" image="0" />
    <Module h="6" w="7" x="193" y="94" image="0" />
    <Module h="7" w="6" x="203" y="93" image="0" />
    <Module h="5" w="5" x="34" y="13" image="0" />
    <Module h="16" w="21" x="235" y="21" image="0" />
    <Module h="3" w="1" x="12" y="70" image="0" />
    <Module h="5" w="4" x="16" y="68" image="0" />
  </Modules>
  <Frames>
    <Frame name="">
      <FModule module_id="54" x="-13.0" y="-3.0" flag="" />
      <FModule module_id="0" x="-1.0" y="-42.0" flag="" />
      <FModule module_id="21" x="-5.0" y="-35.0" flag="" />
      <FModule module_id="19" x="-6.0" y="-32.0" flag="" />
      <FModule module_id="20" x="3.0" y="-34.0" flag="" />
      <FModule module_id="8" x="-2.0" y="-21.0" flag="" />
      <FModule module_id="51" x="-12.0" y="-16.0" flag="" />
      <FModule module_id="77" x="-3.0" y="-19.0" flag="" />
      <FModule module_id="78" x="1.0" y="-21.0" flag="" />
    </Frame>
    <Frame name="">
      <FModule module_id="55" x="-12.0" y="-2.0" flag="" />
      <FModule module_id="0" x="-1.0" y="-41.0" flag="" />
      <FModule module_id="23" x="-7.0" y="-34.0" flag="" />
      <FModule module_id="50" x="-14.0" y="-20.0" flag="" />
      <FModule module_id="6" x="-4.0" y="-20.0" flag="" />
      <FModule module_id="70" x="0.0" y="-5.0" flag="" />
    </Frame>
    <Frame name="">
      <FModule module_id="56" x="-9.0" y="-2.0" flag="" />
      <FModule module_id="0" x="-1.0" y="-42.0" flag="" />
      <FModule module_id="70" x="-3.0" y="-5.0" flag="" />
      <FModule module_id="49" x="-6.0" y="-21.0" flag="" />
      <FModule module_id="24" x="-7.0" y="-36.0" flag="" />
      <FModule module_id="6" x="-4.0" y="-21.0" flag="" />
    </Frame>
    <Frame name="">
      <FModule module_id="57" x="-15.0" y="-1.0" flag="" />
      <FModule module_id="0" x="-1.0" y="-43.0" flag="" />
      <FModule module_id="17" x="-7.0" y="-38.0" flag="" />
      <FModule module_id="48" x="-12.0" y="-22.0" flag="" />
      <FModule module_id="73" x="3.0" y="-5.0" flag="" />
      <FModule module_id="5" x="-4.0" y="-22.0" flag="" />
    </Frame>
    <Frame name="">
      <FModule module_id="55" x="-14.0" y="-3.0" flag="" />
      <FModule module_id="0" x="-1.0" y="-43.0" flag="" />
      <FModule module_id="47" x="-9.0" y="-22.0" flag="" />
      <FModule module_id="72" x="-13.0" y="-9.0" flag="" />
      <FModule module_id="17" x="-7.0" y="-38.0" flag="" />
    </Frame>
    <Frame name="">
      <FModule module_id="54" x="-16.0" y="-3.0" flag="" />
      <FModule module_id="0" x="-1.0" y="-41.0" flag="" />
      <FModule module_id="46" x="-12.0" y="-21.0" flag="" />
      <FModule module_id="73" x="0.0" y="-6.0" flag="" />
      <FModule module_id="6" x="-4.0" y="-20.0" flag="" />
      <FModule module_id="24" x="-7.0" y="-35.0" flag="" />
    </Frame>
    <Frame name="">
      <FModule module_id="55" x="-10.0" y="-1.0" flag="" />
      <FModule module_id="0" x="-1.0" y="-41.0" flag="" />
      <FModule module_id="45" x="-8.0" y="-20.0" flag="" />
      <FModule module_id="23" x="-7.0" y="-34.0" flag="" />
      <FModule module_id="6" x="-4.0" y="-20.0" flag="" />
    </Frame>
    <Frame name="">
      <FModule module_id="54" x="-13.0" y="-3.0" flag="" />
      <FModule module_id="0" x="-1.0" y="-43.0" flag="" />
      <FModule module_id="19" x="-6.0" y="-33.0" flag="" />
      <FModule module_id="21" x="-5.0" y="-36.0" flag="" />
      <FModule module_id="20" x="3.0" y="-35.0" flag="" />
      <FModule module_id="42" x="-3.0" y="-21.0" flag="" />
      <FModule module_id="8" x="-2.0" y="-22.0" flag="" />
      <FModule module_id="70" x="4.0" y="-6.0" flag="" />
      <FModule module_id="43" x="1.0" y="-22.0" flag="" />
      <FModule module_id="44" x="-10.0" y="-17.0" flag="" />
    </Frame>
    <Frame name="">
      <FModule module_id="57" x="-18.0" y="0.0" flag="" />
      <FModule module_id="0" x="-1.0" y="-41.0" flag="" />
      <FModule module_id="34" x="-16.0" y="-20.0" flag="" />
      <FModule module_id="16" x="-7.0" y="-35.0" flag="" />
      <FModule module_id="4" x="-7.0" y="-20.0" flag="" />
    </Frame>
    <Frame name="">
      <FModule module_id="0" x="-1.0" y="-42.0" flag="" />
      <FModule module_id="17" x="-7.0" y="-37.0" flag="" />
      <FModule module_id="35" x="-16.0" y="-21.0" flag="" />
      <FModule module_id="5" x="-4.0" y="-21.0" flag="" />
      <FModule module_id="58" x="-15.0" y="0.0" flag="" />
    </Frame>
    <Frame name="">
      <FModule module_id="56" x="-12.0" y="0.0" flag="" />
      <FModule module_id="0" x="-2.0" y="-41.0" flag="" />
      <FModule module_id="36" x="-6.0" y="-20.0" flag="" />
      <FModule module_id="24" x="-8.0" y="-35.0" flag="" />
      <FModule module_id="6" x="-5.0" y="-20.0" flag="" />
      <FModule module_id="69" x="-12.0" y="-12.0" flag="" />
    </Frame>
    <Frame name="">
      <FModule module_id="55" x="-13.0" y="0.0" flag="" />
      <FModule module_id="0" x="-2.0" y="-40.0" flag="" />
      <FModule module_id="18" x="-6.0" y="-34.0" flag="" />
      <FModule module_id="19" x="-7.0" y="-30.0" flag="" />
      <FModule module_id="20" x="2.0" y="-32.0" flag="" />
      <FModule module_id="37" x="-11.0" y="-19.0" flag="" />
      <FModule module_id="7" x="-2.0" y="-19.0" flag="" />
      <FModule module_id="69" x="-10.0" y="-12.0" flag="" />
    </Frame>
    <Frame name="">
      <FModule module_id="0" x="-1.0" y="-41.0" flag="" />
      <FModule module_id="22" x="-8.0" y="-34.0" flag="" />
      <FModule module_id="38" x="-16.0" y="-20.0" flag="" />
      <FModule module_id="6" x="-2.0" y="-20.0" flag="" />
      <FModule module_id="57" x="-17.0" y="0.0" flag="" />
    </Frame>
    <Frame name="">
      <FModule module_id="57" x="-15.0" y="-1.0" flag="" />
      <FModule module_id="0" x="-1.0" y="-42.0" flag="" />
      <FModule module_id="22" x="-8.0" y="-35.0" flag="" />
      <FModule module_id="39" x="-17.0" y="-21.0" flag="" />
      <FModule module_id="8" x="-2.0" y="-21.0" flag="" />
    </Frame>
    <Frame name="">
      <FModule module_id="55" x="-11.0" y="0.0" flag="" />
      <FModule module_id="0" x="-2.0" y="-41.0" flag="" />
      <FModule module_id="21" x="-6.0" y="-34.0" flag="" />
      <FModule module_id="20" x="2.0" y="-33.0" flag="" />
      <FModule module_id="19" x="-7.0" y="-31.0" flag="" />
      <FModule module_id="40" x="-11.0" y="-21.0" flag="" />
      <FModule module_id="5" x="-3.0" y="-21.0" flag="" />
    </Frame>
    <Frame name="">
      <FModule module_id="57" x="-16.0" y="0.0" flag="" />
      <FModule module_id="0" x="-2.0" y="-40.0" flag="" />
      <FModule module_id="41" x="-11.0" y="-21.0" flag="" />
      <FModule module_id="75" x="-6.0" y="-19.0" flag="" />
      <FModule module_id="76" x="-8.0" y="-34.0" flag="" />
    </Frame>
    <Frame name="">
      <FModule module_id="54" x="-16.0" y="-2.0" flag="" />
      <FModule module_id="0" x="-3.0" y="-40.0" flag="" />
      <FModule module_id="61" x="-10.0" y="-19.0" flag="" />
      <FModule module_id="62" x="-13.0" y="-5.0" flag="" />
      <FModule module_id="30" x="-9.0" y="-33.0" flag="" />
      <FModule module_id="12" x="-8.0" y="-19.0" flag="" />
      <FModule module_id="63" x="4.0" y="-8.0" flag="" />
    </Frame>
    <Frame name="">
      <FModule module_id="54" x="-16.0" y="-2.0" flag="" />
      <FModule module_id="62" x="-13.0" y="-5.0" flag="" />
      <FModule module_id="63" x="4.0" y="-8.0" flag="" />
      <FModule module_id="14" x="4.0" y="-35.0" flag="" />
      <FModule module_id="13" x="-7.0" y="-20.0" flag="" />
      <FModule module_id="0" x="-2.0" y="-40.0" flag="" />
      <FModule module_id="64" x="-10.0" y="-20.0" flag="" />
      <FModule module_id="29" x="-9.0" y="-34.0" flag="" />
    </Frame>
    <Frame name="">
      <FModule module_id="54" x="-16.0" y="-2.0" flag="" />
      <FModule module_id="14" x="1.0" y="-35.0" flag="" />
      <FModule module_id="13" x="-8.0" y="-20.0" flag="" />
      <FModule module_id="28" x="-10.0" y="-34.0" flag="" />
      <FModule module_id="3" x="-3.0" y="-40.0" flag="" />
      <FModule module_id="65" x="-12.0" y="-6.0" flag="" />
      <FModule module_id="25" x="25.0" y="-36.0" flag="" />
      <FModule module_id="66" x="5.0" y="-6.0" flag="" />
      <FModule module_id="67" x="-10.0" y="-21.0" flag="" />
    </Frame>
    <Frame name="">
      <FModule module_id="54" x="-16.0" y="-2.0" flag="" />
      <FModule module_id="14" x="1.0" y="-35.0" flag="" />
      <FModule module_id="13" x="-8.0" y="-20.0" flag="" />
      <FModule module_id="0" x="-3.0" y="-40.0" flag="" />
      <FModule module_id="68" x="-10.0" y="-20.0" flag="" />
      <FModule module_id="62" x="-13.0" y="-5.0" flag="" />
      <FModule module_id="26" x="44.0" y="-35.0" flag="" />
      <FModule module_id="63" x="4.0" y="-8.0" flag="" />
      <FModule module_id="27" x="-10.0" y="-34.0" flag="" />
    </Frame>
    <Frame name="">
      <FModule module_id="54" x="-34.0" y="-1.0" flag="" />
      <FModule module_id="0" x="-20.0" y="-39.0" flag="" />
      <FModule module_id="60" x="-20.0" y="-20.0" flag="" />
      <FModule module_id="31" x="-26.0" y="-33.0" flag="" />
      <FModule module_id="11" x="-24.0" y="-19.0" flag="" />
    </Frame>
    <Frame name="">
      <FModule module_id="53" x="-50.0" y="0.0" flag="" />
      <FModule module_id="59" x="-23.0" y="-20.0" flag="" />
      <FModule module_id="32" x="-38.0" y="-21.0" flag="" />
      <FModule module_id="10" x="-25.0" y="-12.0" flag="" />
      <FModule module_id="15" x="-21.0" y="-25.0" flag="" />
      <FModule module_id="2" x="-41.0" y="-27.0" flag="" />
    </Frame>
    <Frame name="">
      <FModule module_id="53" x="-49.0" y="-1.0" flag="" />
      <FModule module_id="52" x="-27.0" y="-10.0" flag="" />
      <FModule module_id="74" x="-10.0" y="-7.0" flag="" />
      <FModule module_id="33" x="-44.0" y="-9.0" flag="" />
      <FModule module_id="1" x="-49.0" y="-9.0" flag="" />
      <FModule module_id="9" x="-28.0" y="-4.0" flag="" />
    </Frame>
    <Frame name="" />
  </Frames>
  <Animations>
    <Animation name="walk">
      <AFrame frame_id="0" duration="1" ox="0" oy="0" />
      <AFrame frame_id="1" duration="1" ox="0" oy="0" />
      <AFrame frame_id="2" duration="1" ox="0" oy="0" />
      <AFrame frame_id="3" duration="1" ox="0" oy="0" />
      <AFrame frame_id="4" duration="1" ox="0" oy="0" />
      <AFrame frame_id="5" duration="1" ox="0" oy="0" />
      <AFrame frame_id="6" duration="1" ox="0" oy="0" />
      <AFrame frame_id="7" duration="1" ox="0" oy="0" />
    </Animation>
    <Animation name="run">
      <AFrame frame_id="8" duration="1" ox="0" oy="0" />
      <AFrame frame_id="9" duration="1" ox="0" oy="0" />
      <AFrame frame_id="10" duration="1" ox="0" oy="0" />
      <AFrame frame_id="11" duration="1" ox="0" oy="0" />
      <AFrame frame_id="12" duration="1" ox="0" oy="0" />
      <AFrame frame_id="13" duration="1" ox="0" oy="0" />
      <AFrame frame_id="14" duration="1" ox="0" oy="0" />
      <AFrame frame_id="15" duration="1" ox="0" oy="0" />
    </Animation>
    <Animation name="shot">
      <AFrame frame_id="16" duration="5" ox="0" oy="0" />
      <AFrame frame_id="17" duration="2" ox="0" oy="0" />
      <AFrame frame_id="18" duration="1" ox="0" oy="0" />
      <AFrame frame_id="19" duration="1" ox="0" oy="0" />
      <AFrame frame_id="17" duration="1" ox="0" oy="0" />
      <AFrame frame_id="18" duration="1" ox="0" oy="0" />
      <AFrame frame_id="19" duration="1" ox="0" oy="0" />
      <AFrame frame_id="17" duration="1" ox="0" oy="0" />
    </Animation>
    <Animation name="die">
      <AFrame frame_id="16" duration="5" ox="0" oy="0" />
      <AFrame frame_id="20" duration="1" ox="0" oy="0" />
      <AFrame frame_id="21" duration="1" ox="0" oy="0" />
      <AFrame frame_id="22" duration="5" ox="0" oy="0" />
      <AFrame frame_id="23" duration="1" ox="0" oy="0" />
      <AFrame frame_id="22" duration="1" ox="0" oy="0" />
      <AFrame frame_id="23" duration="1" ox="0" oy="0" />
      <AFrame frame_id="22" duration="1" ox="0" oy="0" />
      <AFrame frame_id="23" duration="10" ox="0" oy="0" />
    </Animation>
  </Animations>
</LSPRITE>

