<DataSet>
    <DataFile>
        <DataFileName>../data/pima_indians_diabetes.dat</DataFileName>
        <HeaderLine>0</HeaderLine>
        <Separator>Space</Separator>
        <MissingValuesLabel>?</MissingValuesLabel>
    </DataFile>
    <Variables>
        <VariablesNumber>9</VariablesNumber>
        <Item Index="1">
            <Name>pregnant</Name>
            <Units></Units>
            <Description></Description>
            <Use>Input</Use>
        </Item>
        <Item Index="2">
            <Name>glucose</Name>
            <Units></Units>
            <Description></Description>
            <Use>Input</Use>
        </Item>
        <Item Index="3">
            <Name>pressure</Name>
            <Units>mmHg</Units>
            <Description></Description>
            <Use>Input</Use>
        </Item>
        <Item Index="4">
            <Name>thickness</Name>
            <Units>mm</Units>
            <Description></Description>
            <Use>Input</Use>
        </Item>
        <Item Index="5">
            <Name>insulin</Name>
            <Units>muU/ml</Units>
            <Description></Description>
            <Use>Input</Use>
        </Item>
        <Item Index="6">
            <Name>mass_index</Name>
            <Units>kg/m2</Units>
            <Description></Description>
            <Use>Input</Use>
        </Item>
        <Item Index="7">
            <Name>pedigree</Name>
            <Units></Units>
            <Description></Description>
            <Use>Input</Use>
        </Item>
        <Item Index="8">
            <Name>age</Name>
            <Units></Units>
            <Description></Description>
            <Use>Input</Use>
        </Item>
        <Item Index="9">
            <Name>diabetes</Name>
            <Units></Units>
            <Description></Description>
            <Use>Target</Use>
        </Item>
        <Display>1</Display>
    </Variables>
    <Instances>
        <InstancesNumber>768</InstancesNumber>
        <Item Index="1">
            <Use>Training</Use>
        </Item>
        <Item Index="2">
            <Use>Training</Use>
        </Item>
        <Item Index="3">
            <Use>Training</Use>
        </Item>
        <Item Index="4">
            <Use>Training</Use>
        </Item>
        <Item Index="5">
            <Use>Testing</Use>
        </Item>
        <Item Index="6">
            <Use>Training</Use>
        </Item>
        <Item Index="7">
            <Use>Testing</Use>
        </Item>
        <Item Index="8">
            <Use>Testing</Use>
        </Item>
        <Item Index="9">
            <Use>Training</Use>
        </Item>
        <Item Index="10">
            <Use>Training</Use>
        </Item>
        <Item Index="11">
            <Use>Training</Use>
        </Item>
        <Item Index="12">
            <Use>Training</Use>
        </Item>
        <Item Index="13">
            <Use>Training</Use>
        </Item>
        <Item Index="14">
            <Use>Training</Use>
        </Item>
        <Item Index="15">
            <Use>Training</Use>
        </Item>
        <Item Index="16">
            <Use>Training</Use>
        </Item>
        <Item Index="17">
            <Use>Training</Use>
        </Item>
        <Item Index="18">
            <Use>Testing</Use>
        </Item>
        <Item Index="19">
            <Use>Testing</Use>
        </Item>
        <Item Index="20">
            <Use>Training</Use>
        </Item>
        <Item Index="21">
            <Use>Training</Use>
        </Item>
        <Item Index="22">
            <Use>Training</Use>
        </Item>
        <Item Index="23">
            <Use>Testing</Use>
        </Item>
        <Item Index="24">
            <Use>Training</Use>
        </Item>
        <Item Index="25">
            <Use>Training</Use>
        </Item>
        <Item Index="26">
            <Use>Training</Use>
        </Item>
        <Item Index="27">
            <Use>Training</Use>
        </Item>
        <Item Index="28">
            <Use>Training</Use>
        </Item>
        <Item Index="29">
            <Use>Training</Use>
        </Item>
        <Item Index="30">
            <Use>Training</Use>
        </Item>
        <Item Index="31">
            <Use>Training</Use>
        </Item>
        <Item Index="32">
            <Use>Testing</Use>
        </Item>
        <Item Index="33">
            <Use>Testing</Use>
        </Item>
        <Item Index="34">
            <Use>Training</Use>
        </Item>
        <Item Index="35">
            <Use>Training</Use>
        </Item>
        <Item Index="36">
            <Use>Testing</Use>
        </Item>
        <Item Index="37">
            <Use>Training</Use>
        </Item>
        <Item Index="38">
            <Use>Testing</Use>
        </Item>
        <Item Index="39">
            <Use>Training</Use>
        </Item>
        <Item Index="40">
            <Use>Training</Use>
        </Item>
        <Item Index="41">
            <Use>Training</Use>
        </Item>
        <Item Index="42">
            <Use>Training</Use>
        </Item>
        <Item Index="43">
            <Use>Training</Use>
        </Item>
        <Item Index="44">
            <Use>Training</Use>
        </Item>
        <Item Index="45">
            <Use>Training</Use>
        </Item>
        <Item Index="46">
            <Use>Training</Use>
        </Item>
        <Item Index="47">
            <Use>Testing</Use>
        </Item>
        <Item Index="48">
            <Use>Testing</Use>
        </Item>
        <Item Index="49">
            <Use>Training</Use>
        </Item>
        <Item Index="50">
            <Use>Training</Use>
        </Item>
        <Item Index="51">
            <Use>Testing</Use>
        </Item>
        <Item Index="52">
            <Use>Testing</Use>
        </Item>
        <Item Index="53">
            <Use>Testing</Use>
        </Item>
        <Item Index="54">
            <Use>Training</Use>
        </Item>
        <Item Index="55">
            <Use>Training</Use>
        </Item>
        <Item Index="56">
            <Use>Training</Use>
        </Item>
        <Item Index="57">
            <Use>Training</Use>
        </Item>
        <Item Index="58">
            <Use>Training</Use>
        </Item>
        <Item Index="59">
            <Use>Training</Use>
        </Item>
        <Item Index="60">
            <Use>Training</Use>
        </Item>
        <Item Index="61">
            <Use>Training</Use>
        </Item>
        <Item Index="62">
            <Use>Training</Use>
        </Item>
        <Item Index="63">
            <Use>Training</Use>
        </Item>
        <Item Index="64">
            <Use>Testing</Use>
        </Item>
        <Item Index="65">
            <Use>Testing</Use>
        </Item>
        <Item Index="66">
            <Use>Training</Use>
        </Item>
        <Item Index="67">
            <Use>Training</Use>
        </Item>
        <Item Index="68">
            <Use>Training</Use>
        </Item>
        <Item Index="69">
            <Use>Training</Use>
        </Item>
        <Item Index="70">
            <Use>Training</Use>
        </Item>
        <Item Index="71">
            <Use>Training</Use>
        </Item>
        <Item Index="72">
            <Use>Testing</Use>
        </Item>
        <Item Index="73">
            <Use>Testing</Use>
        </Item>
        <Item Index="74">
            <Use>Training</Use>
        </Item>
        <Item Index="75">
            <Use>Testing</Use>
        </Item>
        <Item Index="76">
            <Use>Testing</Use>
        </Item>
        <Item Index="77">
            <Use>Testing</Use>
        </Item>
        <Item Index="78">
            <Use>Training</Use>
        </Item>
        <Item Index="79">
            <Use>Training</Use>
        </Item>
        <Item Index="80">
            <Use>Training</Use>
        </Item>
        <Item Index="81">
            <Use>Training</Use>
        </Item>
        <Item Index="82">
            <Use>Training</Use>
        </Item>
        <Item Index="83">
            <Use>Training</Use>
        </Item>
        <Item Index="84">
            <Use>Training</Use>
        </Item>
        <Item Index="85">
            <Use>Training</Use>
        </Item>
        <Item Index="86">
            <Use>Training</Use>
        </Item>
        <Item Index="87">
            <Use>Training</Use>
        </Item>
        <Item Index="88">
            <Use>Training</Use>
        </Item>
        <Item Index="89">
            <Use>Training</Use>
        </Item>
        <Item Index="90">
            <Use>Training</Use>
        </Item>
        <Item Index="91">
            <Use>Training</Use>
        </Item>
        <Item Index="92">
            <Use>Testing</Use>
        </Item>
        <Item Index="93">
            <Use>Training</Use>
        </Item>
        <Item Index="94">
            <Use>Training</Use>
        </Item>
        <Item Index="95">
            <Use>Testing</Use>
        </Item>
        <Item Index="96">
            <Use>Training</Use>
        </Item>
        <Item Index="97">
            <Use>Training</Use>
        </Item>
        <Item Index="98">
            <Use>Testing</Use>
        </Item>
        <Item Index="99">
            <Use>Training</Use>
        </Item>
        <Item Index="100">
            <Use>Testing</Use>
        </Item>
        <Item Index="101">
            <Use>Testing</Use>
        </Item>
        <Item Index="102">
            <Use>Training</Use>
        </Item>
        <Item Index="103">
            <Use>Training</Use>
        </Item>
        <Item Index="104">
            <Use>Testing</Use>
        </Item>
        <Item Index="105">
            <Use>Training</Use>
        </Item>
        <Item Index="106">
            <Use>Training</Use>
        </Item>
        <Item Index="107">
            <Use>Training</Use>
        </Item>
        <Item Index="108">
            <Use>Training</Use>
        </Item>
        <Item Index="109">
            <Use>Testing</Use>
        </Item>
        <Item Index="110">
            <Use>Testing</Use>
        </Item>
        <Item Index="111">
            <Use>Training</Use>
        </Item>
        <Item Index="112">
            <Use>Testing</Use>
        </Item>
        <Item Index="113">
            <Use>Training</Use>
        </Item>
        <Item Index="114">
            <Use>Training</Use>
        </Item>
        <Item Index="115">
            <Use>Testing</Use>
        </Item>
        <Item Index="116">
            <Use>Training</Use>
        </Item>
        <Item Index="117">
            <Use>Training</Use>
        </Item>
        <Item Index="118">
            <Use>Testing</Use>
        </Item>
        <Item Index="119">
            <Use>Training</Use>
        </Item>
        <Item Index="120">
            <Use>Training</Use>
        </Item>
        <Item Index="121">
            <Use>Training</Use>
        </Item>
        <Item Index="122">
            <Use>Training</Use>
        </Item>
        <Item Index="123">
            <Use>Training</Use>
        </Item>
        <Item Index="124">
            <Use>Training</Use>
        </Item>
        <Item Index="125">
            <Use>Training</Use>
        </Item>
        <Item Index="126">
            <Use>Training</Use>
        </Item>
        <Item Index="127">
            <Use>Training</Use>
        </Item>
        <Item Index="128">
            <Use>Training</Use>
        </Item>
        <Item Index="129">
            <Use>Training</Use>
        </Item>
        <Item Index="130">
            <Use>Training</Use>
        </Item>
        <Item Index="131">
            <Use>Training</Use>
        </Item>
        <Item Index="132">
            <Use>Training</Use>
        </Item>
        <Item Index="133">
            <Use>Training</Use>
        </Item>
        <Item Index="134">
            <Use>Training</Use>
        </Item>
        <Item Index="135">
            <Use>Training</Use>
        </Item>
        <Item Index="136">
            <Use>Training</Use>
        </Item>
        <Item Index="137">
            <Use>Training</Use>
        </Item>
        <Item Index="138">
            <Use>Testing</Use>
        </Item>
        <Item Index="139">
            <Use>Testing</Use>
        </Item>
        <Item Index="140">
            <Use>Training</Use>
        </Item>
        <Item Index="141">
            <Use>Training</Use>
        </Item>
        <Item Index="142">
            <Use>Training</Use>
        </Item>
        <Item Index="143">
            <Use>Training</Use>
        </Item>
        <Item Index="144">
            <Use>Training</Use>
        </Item>
        <Item Index="145">
            <Use>Training</Use>
        </Item>
        <Item Index="146">
            <Use>Training</Use>
        </Item>
        <Item Index="147">
            <Use>Training</Use>
        </Item>
        <Item Index="148">
            <Use>Training</Use>
        </Item>
        <Item Index="149">
            <Use>Training</Use>
        </Item>
        <Item Index="150">
            <Use>Training</Use>
        </Item>
        <Item Index="151">
            <Use>Training</Use>
        </Item>
        <Item Index="152">
            <Use>Training</Use>
        </Item>
        <Item Index="153">
            <Use>Testing</Use>
        </Item>
        <Item Index="154">
            <Use>Training</Use>
        </Item>
        <Item Index="155">
            <Use>Training</Use>
        </Item>
        <Item Index="156">
            <Use>Training</Use>
        </Item>
        <Item Index="157">
            <Use>Training</Use>
        </Item>
        <Item Index="158">
            <Use>Testing</Use>
        </Item>
        <Item Index="159">
            <Use>Training</Use>
        </Item>
        <Item Index="160">
            <Use>Training</Use>
        </Item>
        <Item Index="161">
            <Use>Training</Use>
        </Item>
        <Item Index="162">
            <Use>Testing</Use>
        </Item>
        <Item Index="163">
            <Use>Training</Use>
        </Item>
        <Item Index="164">
            <Use>Testing</Use>
        </Item>
        <Item Index="165">
            <Use>Training</Use>
        </Item>
        <Item Index="166">
            <Use>Training</Use>
        </Item>
        <Item Index="167">
            <Use>Training</Use>
        </Item>
        <Item Index="168">
            <Use>Training</Use>
        </Item>
        <Item Index="169">
            <Use>Training</Use>
        </Item>
        <Item Index="170">
            <Use>Training</Use>
        </Item>
        <Item Index="171">
            <Use>Training</Use>
        </Item>
        <Item Index="172">
            <Use>Training</Use>
        </Item>
        <Item Index="173">
            <Use>Training</Use>
        </Item>
        <Item Index="174">
            <Use>Training</Use>
        </Item>
        <Item Index="175">
            <Use>Testing</Use>
        </Item>
        <Item Index="176">
            <Use>Training</Use>
        </Item>
        <Item Index="177">
            <Use>Training</Use>
        </Item>
        <Item Index="178">
            <Use>Training</Use>
        </Item>
        <Item Index="179">
            <Use>Training</Use>
        </Item>
        <Item Index="180">
            <Use>Training</Use>
        </Item>
        <Item Index="181">
            <Use>Training</Use>
        </Item>
        <Item Index="182">
            <Use>Testing</Use>
        </Item>
        <Item Index="183">
            <Use>Training</Use>
        </Item>
        <Item Index="184">
            <Use>Training</Use>
        </Item>
        <Item Index="185">
            <Use>Testing</Use>
        </Item>
        <Item Index="186">
            <Use>Training</Use>
        </Item>
        <Item Index="187">
            <Use>Testing</Use>
        </Item>
        <Item Index="188">
            <Use>Training</Use>
        </Item>
        <Item Index="189">
            <Use>Training</Use>
        </Item>
        <Item Index="190">
            <Use>Training</Use>
        </Item>
        <Item Index="191">
            <Use>Training</Use>
        </Item>
        <Item Index="192">
            <Use>Training</Use>
        </Item>
        <Item Index="193">
            <Use>Training</Use>
        </Item>
        <Item Index="194">
            <Use>Testing</Use>
        </Item>
        <Item Index="195">
            <Use>Testing</Use>
        </Item>
        <Item Index="196">
            <Use>Training</Use>
        </Item>
        <Item Index="197">
            <Use>Training</Use>
        </Item>
        <Item Index="198">
            <Use>Training</Use>
        </Item>
        <Item Index="199">
            <Use>Testing</Use>
        </Item>
        <Item Index="200">
            <Use>Testing</Use>
        </Item>
        <Item Index="201">
            <Use>Training</Use>
        </Item>
        <Item Index="202">
            <Use>Training</Use>
        </Item>
        <Item Index="203">
            <Use>Testing</Use>
        </Item>
        <Item Index="204">
            <Use>Testing</Use>
        </Item>
        <Item Index="205">
            <Use>Testing</Use>
        </Item>
        <Item Index="206">
            <Use>Testing</Use>
        </Item>
        <Item Index="207">
            <Use>Training</Use>
        </Item>
        <Item Index="208">
            <Use>Training</Use>
        </Item>
        <Item Index="209">
            <Use>Training</Use>
        </Item>
        <Item Index="210">
            <Use>Testing</Use>
        </Item>
        <Item Index="211">
            <Use>Testing</Use>
        </Item>
        <Item Index="212">
            <Use>Training</Use>
        </Item>
        <Item Index="213">
            <Use>Training</Use>
        </Item>
        <Item Index="214">
            <Use>Training</Use>
        </Item>
        <Item Index="215">
            <Use>Training</Use>
        </Item>
        <Item Index="216">
            <Use>Testing</Use>
        </Item>
        <Item Index="217">
            <Use>Training</Use>
        </Item>
        <Item Index="218">
            <Use>Training</Use>
        </Item>
        <Item Index="219">
            <Use>Training</Use>
        </Item>
        <Item Index="220">
            <Use>Training</Use>
        </Item>
        <Item Index="221">
            <Use>Training</Use>
        </Item>
        <Item Index="222">
            <Use>Training</Use>
        </Item>
        <Item Index="223">
            <Use>Training</Use>
        </Item>
        <Item Index="224">
            <Use>Training</Use>
        </Item>
        <Item Index="225">
            <Use>Training</Use>
        </Item>
        <Item Index="226">
            <Use>Training</Use>
        </Item>
        <Item Index="227">
            <Use>Testing</Use>
        </Item>
        <Item Index="228">
            <Use>Training</Use>
        </Item>
        <Item Index="229">
            <Use>Training</Use>
        </Item>
        <Item Index="230">
            <Use>Testing</Use>
        </Item>
        <Item Index="231">
            <Use>Testing</Use>
        </Item>
        <Item Index="232">
            <Use>Training</Use>
        </Item>
        <Item Index="233">
            <Use>Testing</Use>
        </Item>
        <Item Index="234">
            <Use>Training</Use>
        </Item>
        <Item Index="235">
            <Use>Training</Use>
        </Item>
        <Item Index="236">
            <Use>Training</Use>
        </Item>
        <Item Index="237">
            <Use>Training</Use>
        </Item>
        <Item Index="238">
            <Use>Training</Use>
        </Item>
        <Item Index="239">
            <Use>Training</Use>
        </Item>
        <Item Index="240">
            <Use>Training</Use>
        </Item>
        <Item Index="241">
            <Use>Training</Use>
        </Item>
        <Item Index="242">
            <Use>Training</Use>
        </Item>
        <Item Index="243">
            <Use>Training</Use>
        </Item>
        <Item Index="244">
            <Use>Training</Use>
        </Item>
        <Item Index="245">
            <Use>Testing</Use>
        </Item>
        <Item Index="246">
            <Use>Testing</Use>
        </Item>
        <Item Index="247">
            <Use>Training</Use>
        </Item>
        <Item Index="248">
            <Use>Training</Use>
        </Item>
        <Item Index="249">
            <Use>Training</Use>
        </Item>
        <Item Index="250">
            <Use>Testing</Use>
        </Item>
        <Item Index="251">
            <Use>Testing</Use>
        </Item>
        <Item Index="252">
            <Use>Training</Use>
        </Item>
        <Item Index="253">
            <Use>Training</Use>
        </Item>
        <Item Index="254">
            <Use>Training</Use>
        </Item>
        <Item Index="255">
            <Use>Training</Use>
        </Item>
        <Item Index="256">
            <Use>Training</Use>
        </Item>
        <Item Index="257">
            <Use>Testing</Use>
        </Item>
        <Item Index="258">
            <Use>Training</Use>
        </Item>
        <Item Index="259">
            <Use>Training</Use>
        </Item>
        <Item Index="260">
            <Use>Testing</Use>
        </Item>
        <Item Index="261">
            <Use>Training</Use>
        </Item>
        <Item Index="262">
            <Use>Training</Use>
        </Item>
        <Item Index="263">
            <Use>Testing</Use>
        </Item>
        <Item Index="264">
            <Use>Training</Use>
        </Item>
        <Item Index="265">
            <Use>Training</Use>
        </Item>
        <Item Index="266">
            <Use>Training</Use>
        </Item>
        <Item Index="267">
            <Use>Training</Use>
        </Item>
        <Item Index="268">
            <Use>Training</Use>
        </Item>
        <Item Index="269">
            <Use>Training</Use>
        </Item>
        <Item Index="270">
            <Use>Training</Use>
        </Item>
        <Item Index="271">
            <Use>Training</Use>
        </Item>
        <Item Index="272">
            <Use>Training</Use>
        </Item>
        <Item Index="273">
            <Use>Testing</Use>
        </Item>
        <Item Index="274">
            <Use>Training</Use>
        </Item>
        <Item Index="275">
            <Use>Training</Use>
        </Item>
        <Item Index="276">
            <Use>Testing</Use>
        </Item>
        <Item Index="277">
            <Use>Testing</Use>
        </Item>
        <Item Index="278">
            <Use>Training</Use>
        </Item>
        <Item Index="279">
            <Use>Training</Use>
        </Item>
        <Item Index="280">
            <Use>Testing</Use>
        </Item>
        <Item Index="281">
            <Use>Training</Use>
        </Item>
        <Item Index="282">
            <Use>Training</Use>
        </Item>
        <Item Index="283">
            <Use>Training</Use>
        </Item>
        <Item Index="284">
            <Use>Training</Use>
        </Item>
        <Item Index="285">
            <Use>Testing</Use>
        </Item>
        <Item Index="286">
            <Use>Testing</Use>
        </Item>
        <Item Index="287">
            <Use>Testing</Use>
        </Item>
        <Item Index="288">
            <Use>Training</Use>
        </Item>
        <Item Index="289">
            <Use>Training</Use>
        </Item>
        <Item Index="290">
            <Use>Training</Use>
        </Item>
        <Item Index="291">
            <Use>Training</Use>
        </Item>
        <Item Index="292">
            <Use>Training</Use>
        </Item>
        <Item Index="293">
            <Use>Training</Use>
        </Item>
        <Item Index="294">
            <Use>Training</Use>
        </Item>
        <Item Index="295">
            <Use>Training</Use>
        </Item>
        <Item Index="296">
            <Use>Training</Use>
        </Item>
        <Item Index="297">
            <Use>Testing</Use>
        </Item>
        <Item Index="298">
            <Use>Training</Use>
        </Item>
        <Item Index="299">
            <Use>Testing</Use>
        </Item>
        <Item Index="300">
            <Use>Training</Use>
        </Item>
        <Item Index="301">
            <Use>Training</Use>
        </Item>
        <Item Index="302">
            <Use>Testing</Use>
        </Item>
        <Item Index="303">
            <Use>Training</Use>
        </Item>
        <Item Index="304">
            <Use>Training</Use>
        </Item>
        <Item Index="305">
            <Use>Training</Use>
        </Item>
        <Item Index="306">
            <Use>Training</Use>
        </Item>
        <Item Index="307">
            <Use>Testing</Use>
        </Item>
        <Item Index="308">
            <Use>Training</Use>
        </Item>
        <Item Index="309">
            <Use>Testing</Use>
        </Item>
        <Item Index="310">
            <Use>Training</Use>
        </Item>
        <Item Index="311">
            <Use>Training</Use>
        </Item>
        <Item Index="312">
            <Use>Training</Use>
        </Item>
        <Item Index="313">
            <Use>Testing</Use>
        </Item>
        <Item Index="314">
            <Use>Testing</Use>
        </Item>
        <Item Index="315">
            <Use>Training</Use>
        </Item>
        <Item Index="316">
            <Use>Training</Use>
        </Item>
        <Item Index="317">
            <Use>Testing</Use>
        </Item>
        <Item Index="318">
            <Use>Training</Use>
        </Item>
        <Item Index="319">
            <Use>Testing</Use>
        </Item>
        <Item Index="320">
            <Use>Training</Use>
        </Item>
        <Item Index="321">
            <Use>Training</Use>
        </Item>
        <Item Index="322">
            <Use>Testing</Use>
        </Item>
        <Item Index="323">
            <Use>Training</Use>
        </Item>
        <Item Index="324">
            <Use>Testing</Use>
        </Item>
        <Item Index="325">
            <Use>Training</Use>
        </Item>
        <Item Index="326">
            <Use>Training</Use>
        </Item>
        <Item Index="327">
            <Use>Training</Use>
        </Item>
        <Item Index="328">
            <Use>Training</Use>
        </Item>
        <Item Index="329">
            <Use>Testing</Use>
        </Item>
        <Item Index="330">
            <Use>Training</Use>
        </Item>
        <Item Index="331">
            <Use>Training</Use>
        </Item>
        <Item Index="332">
            <Use>Training</Use>
        </Item>
        <Item Index="333">
            <Use>Testing</Use>
        </Item>
        <Item Index="334">
            <Use>Testing</Use>
        </Item>
        <Item Index="335">
            <Use>Training</Use>
        </Item>
        <Item Index="336">
            <Use>Training</Use>
        </Item>
        <Item Index="337">
            <Use>Training</Use>
        </Item>
        <Item Index="338">
            <Use>Testing</Use>
        </Item>
        <Item Index="339">
            <Use>Testing</Use>
        </Item>
        <Item Index="340">
            <Use>Training</Use>
        </Item>
        <Item Index="341">
            <Use>Training</Use>
        </Item>
        <Item Index="342">
            <Use>Training</Use>
        </Item>
        <Item Index="343">
            <Use>Training</Use>
        </Item>
        <Item Index="344">
            <Use>Testing</Use>
        </Item>
        <Item Index="345">
            <Use>Training</Use>
        </Item>
        <Item Index="346">
            <Use>Training</Use>
        </Item>
        <Item Index="347">
            <Use>Testing</Use>
        </Item>
        <Item Index="348">
            <Use>Training</Use>
        </Item>
        <Item Index="349">
            <Use>Training</Use>
        </Item>
        <Item Index="350">
            <Use>Training</Use>
        </Item>
        <Item Index="351">
            <Use>Training</Use>
        </Item>
        <Item Index="352">
            <Use>Testing</Use>
        </Item>
        <Item Index="353">
            <Use>Training</Use>
        </Item>
        <Item Index="354">
            <Use>Training</Use>
        </Item>
        <Item Index="355">
            <Use>Training</Use>
        </Item>
        <Item Index="356">
            <Use>Training</Use>
        </Item>
        <Item Index="357">
            <Use>Testing</Use>
        </Item>
        <Item Index="358">
            <Use>Testing</Use>
        </Item>
        <Item Index="359">
            <Use>Testing</Use>
        </Item>
        <Item Index="360">
            <Use>Training</Use>
        </Item>
        <Item Index="361">
            <Use>Training</Use>
        </Item>
        <Item Index="362">
            <Use>Training</Use>
        </Item>
        <Item Index="363">
            <Use>Testing</Use>
        </Item>
        <Item Index="364">
            <Use>Training</Use>
        </Item>
        <Item Index="365">
            <Use>Training</Use>
        </Item>
        <Item Index="366">
            <Use>Training</Use>
        </Item>
        <Item Index="367">
            <Use>Training</Use>
        </Item>
        <Item Index="368">
            <Use>Training</Use>
        </Item>
        <Item Index="369">
            <Use>Training</Use>
        </Item>
        <Item Index="370">
            <Use>Training</Use>
        </Item>
        <Item Index="371">
            <Use>Training</Use>
        </Item>
        <Item Index="372">
            <Use>Training</Use>
        </Item>
        <Item Index="373">
            <Use>Training</Use>
        </Item>
        <Item Index="374">
            <Use>Training</Use>
        </Item>
        <Item Index="375">
            <Use>Testing</Use>
        </Item>
        <Item Index="376">
            <Use>Training</Use>
        </Item>
        <Item Index="377">
            <Use>Training</Use>
        </Item>
        <Item Index="378">
            <Use>Testing</Use>
        </Item>
        <Item Index="379">
            <Use>Training</Use>
        </Item>
        <Item Index="380">
            <Use>Training</Use>
        </Item>
        <Item Index="381">
            <Use>Training</Use>
        </Item>
        <Item Index="382">
            <Use>Training</Use>
        </Item>
        <Item Index="383">
            <Use>Training</Use>
        </Item>
        <Item Index="384">
            <Use>Training</Use>
        </Item>
        <Item Index="385">
            <Use>Testing</Use>
        </Item>
        <Item Index="386">
            <Use>Testing</Use>
        </Item>
        <Item Index="387">
            <Use>Training</Use>
        </Item>
        <Item Index="388">
            <Use>Training</Use>
        </Item>
        <Item Index="389">
            <Use>Testing</Use>
        </Item>
        <Item Index="390">
            <Use>Testing</Use>
        </Item>
        <Item Index="391">
            <Use>Training</Use>
        </Item>
        <Item Index="392">
            <Use>Training</Use>
        </Item>
        <Item Index="393">
            <Use>Training</Use>
        </Item>
        <Item Index="394">
            <Use>Testing</Use>
        </Item>
        <Item Index="395">
            <Use>Testing</Use>
        </Item>
        <Item Index="396">
            <Use>Training</Use>
        </Item>
        <Item Index="397">
            <Use>Training</Use>
        </Item>
        <Item Index="398">
            <Use>Training</Use>
        </Item>
        <Item Index="399">
            <Use>Training</Use>
        </Item>
        <Item Index="400">
            <Use>Testing</Use>
        </Item>
        <Item Index="401">
            <Use>Training</Use>
        </Item>
        <Item Index="402">
            <Use>Training</Use>
        </Item>
        <Item Index="403">
            <Use>Training</Use>
        </Item>
        <Item Index="404">
            <Use>Testing</Use>
        </Item>
        <Item Index="405">
            <Use>Training</Use>
        </Item>
        <Item Index="406">
            <Use>Training</Use>
        </Item>
        <Item Index="407">
            <Use>Training</Use>
        </Item>
        <Item Index="408">
            <Use>Training</Use>
        </Item>
        <Item Index="409">
            <Use>Training</Use>
        </Item>
        <Item Index="410">
            <Use>Training</Use>
        </Item>
        <Item Index="411">
            <Use>Training</Use>
        </Item>
        <Item Index="412">
            <Use>Training</Use>
        </Item>
        <Item Index="413">
            <Use>Training</Use>
        </Item>
        <Item Index="414">
            <Use>Training</Use>
        </Item>
        <Item Index="415">
            <Use>Training</Use>
        </Item>
        <Item Index="416">
            <Use>Training</Use>
        </Item>
        <Item Index="417">
            <Use>Training</Use>
        </Item>
        <Item Index="418">
            <Use>Training</Use>
        </Item>
        <Item Index="419">
            <Use>Testing</Use>
        </Item>
        <Item Index="420">
            <Use>Training</Use>
        </Item>
        <Item Index="421">
            <Use>Testing</Use>
        </Item>
        <Item Index="422">
            <Use>Training</Use>
        </Item>
        <Item Index="423">
            <Use>Training</Use>
        </Item>
        <Item Index="424">
            <Use>Training</Use>
        </Item>
        <Item Index="425">
            <Use>Training</Use>
        </Item>
        <Item Index="426">
            <Use>Training</Use>
        </Item>
        <Item Index="427">
            <Use>Training</Use>
        </Item>
        <Item Index="428">
            <Use>Training</Use>
        </Item>
        <Item Index="429">
            <Use>Training</Use>
        </Item>
        <Item Index="430">
            <Use>Training</Use>
        </Item>
        <Item Index="431">
            <Use>Training</Use>
        </Item>
        <Item Index="432">
            <Use>Training</Use>
        </Item>
        <Item Index="433">
            <Use>Training</Use>
        </Item>
        <Item Index="434">
            <Use>Training</Use>
        </Item>
        <Item Index="435">
            <Use>Training</Use>
        </Item>
        <Item Index="436">
            <Use>Testing</Use>
        </Item>
        <Item Index="437">
            <Use>Testing</Use>
        </Item>
        <Item Index="438">
            <Use>Training</Use>
        </Item>
        <Item Index="439">
            <Use>Training</Use>
        </Item>
        <Item Index="440">
            <Use>Testing</Use>
        </Item>
        <Item Index="441">
            <Use>Training</Use>
        </Item>
        <Item Index="442">
            <Use>Training</Use>
        </Item>
        <Item Index="443">
            <Use>Training</Use>
        </Item>
        <Item Index="444">
            <Use>Training</Use>
        </Item>
        <Item Index="445">
            <Use>Training</Use>
        </Item>
        <Item Index="446">
            <Use>Testing</Use>
        </Item>
        <Item Index="447">
            <Use>Testing</Use>
        </Item>
        <Item Index="448">
            <Use>Training</Use>
        </Item>
        <Item Index="449">
            <Use>Training</Use>
        </Item>
        <Item Index="450">
            <Use>Training</Use>
        </Item>
        <Item Index="451">
            <Use>Training</Use>
        </Item>
        <Item Index="452">
            <Use>Training</Use>
        </Item>
        <Item Index="453">
            <Use>Testing</Use>
        </Item>
        <Item Index="454">
            <Use>Training</Use>
        </Item>
        <Item Index="455">
            <Use>Training</Use>
        </Item>
        <Item Index="456">
            <Use>Training</Use>
        </Item>
        <Item Index="457">
            <Use>Testing</Use>
        </Item>
        <Item Index="458">
            <Use>Training</Use>
        </Item>
        <Item Index="459">
            <Use>Training</Use>
        </Item>
        <Item Index="460">
            <Use>Training</Use>
        </Item>
        <Item Index="461">
            <Use>Testing</Use>
        </Item>
        <Item Index="462">
            <Use>Testing</Use>
        </Item>
        <Item Index="463">
            <Use>Training</Use>
        </Item>
        <Item Index="464">
            <Use>Testing</Use>
        </Item>
        <Item Index="465">
            <Use>Training</Use>
        </Item>
        <Item Index="466">
            <Use>Training</Use>
        </Item>
        <Item Index="467">
            <Use>Training</Use>
        </Item>
        <Item Index="468">
            <Use>Testing</Use>
        </Item>
        <Item Index="469">
            <Use>Training</Use>
        </Item>
        <Item Index="470">
            <Use>Training</Use>
        </Item>
        <Item Index="471">
            <Use>Training</Use>
        </Item>
        <Item Index="472">
            <Use>Training</Use>
        </Item>
        <Item Index="473">
            <Use>Training</Use>
        </Item>
        <Item Index="474">
            <Use>Training</Use>
        </Item>
        <Item Index="475">
            <Use>Training</Use>
        </Item>
        <Item Index="476">
            <Use>Training</Use>
        </Item>
        <Item Index="477">
            <Use>Training</Use>
        </Item>
        <Item Index="478">
            <Use>Training</Use>
        </Item>
        <Item Index="479">
            <Use>Training</Use>
        </Item>
        <Item Index="480">
            <Use>Training</Use>
        </Item>
        <Item Index="481">
            <Use>Training</Use>
        </Item>
        <Item Index="482">
            <Use>Training</Use>
        </Item>
        <Item Index="483">
            <Use>Training</Use>
        </Item>
        <Item Index="484">
            <Use>Training</Use>
        </Item>
        <Item Index="485">
            <Use>Training</Use>
        </Item>
        <Item Index="486">
            <Use>Training</Use>
        </Item>
        <Item Index="487">
            <Use>Training</Use>
        </Item>
        <Item Index="488">
            <Use>Training</Use>
        </Item>
        <Item Index="489">
            <Use>Training</Use>
        </Item>
        <Item Index="490">
            <Use>Testing</Use>
        </Item>
        <Item Index="491">
            <Use>Training</Use>
        </Item>
        <Item Index="492">
            <Use>Testing</Use>
        </Item>
        <Item Index="493">
            <Use>Training</Use>
        </Item>
        <Item Index="494">
            <Use>Training</Use>
        </Item>
        <Item Index="495">
            <Use>Training</Use>
        </Item>
        <Item Index="496">
            <Use>Training</Use>
        </Item>
        <Item Index="497">
            <Use>Testing</Use>
        </Item>
        <Item Index="498">
            <Use>Training</Use>
        </Item>
        <Item Index="499">
            <Use>Testing</Use>
        </Item>
        <Item Index="500">
            <Use>Training</Use>
        </Item>
        <Item Index="501">
            <Use>Training</Use>
        </Item>
        <Item Index="502">
            <Use>Training</Use>
        </Item>
        <Item Index="503">
            <Use>Testing</Use>
        </Item>
        <Item Index="504">
            <Use>Testing</Use>
        </Item>
        <Item Index="505">
            <Use>Testing</Use>
        </Item>
        <Item Index="506">
            <Use>Training</Use>
        </Item>
        <Item Index="507">
            <Use>Testing</Use>
        </Item>
        <Item Index="508">
            <Use>Testing</Use>
        </Item>
        <Item Index="509">
            <Use>Testing</Use>
        </Item>
        <Item Index="510">
            <Use>Training</Use>
        </Item>
        <Item Index="511">
            <Use>Training</Use>
        </Item>
        <Item Index="512">
            <Use>Training</Use>
        </Item>
        <Item Index="513">
            <Use>Training</Use>
        </Item>
        <Item Index="514">
            <Use>Training</Use>
        </Item>
        <Item Index="515">
            <Use>Training</Use>
        </Item>
        <Item Index="516">
            <Use>Testing</Use>
        </Item>
        <Item Index="517">
            <Use>Testing</Use>
        </Item>
        <Item Index="518">
            <Use>Training</Use>
        </Item>
        <Item Index="519">
            <Use>Training</Use>
        </Item>
        <Item Index="520">
            <Use>Training</Use>
        </Item>
        <Item Index="521">
            <Use>Testing</Use>
        </Item>
        <Item Index="522">
            <Use>Training</Use>
        </Item>
        <Item Index="523">
            <Use>Training</Use>
        </Item>
        <Item Index="524">
            <Use>Training</Use>
        </Item>
        <Item Index="525">
            <Use>Training</Use>
        </Item>
        <Item Index="526">
            <Use>Training</Use>
        </Item>
        <Item Index="527">
            <Use>Testing</Use>
        </Item>
        <Item Index="528">
            <Use>Training</Use>
        </Item>
        <Item Index="529">
            <Use>Training</Use>
        </Item>
        <Item Index="530">
            <Use>Training</Use>
        </Item>
        <Item Index="531">
            <Use>Training</Use>
        </Item>
        <Item Index="532">
            <Use>Training</Use>
        </Item>
        <Item Index="533">
            <Use>Training</Use>
        </Item>
        <Item Index="534">
            <Use>Testing</Use>
        </Item>
        <Item Index="535">
            <Use>Training</Use>
        </Item>
        <Item Index="536">
            <Use>Testing</Use>
        </Item>
        <Item Index="537">
            <Use>Training</Use>
        </Item>
        <Item Index="538">
            <Use>Training</Use>
        </Item>
        <Item Index="539">
            <Use>Training</Use>
        </Item>
        <Item Index="540">
            <Use>Testing</Use>
        </Item>
        <Item Index="541">
            <Use>Training</Use>
        </Item>
        <Item Index="542">
            <Use>Training</Use>
        </Item>
        <Item Index="543">
            <Use>Training</Use>
        </Item>
        <Item Index="544">
            <Use>Training</Use>
        </Item>
        <Item Index="545">
            <Use>Training</Use>
        </Item>
        <Item Index="546">
            <Use>Training</Use>
        </Item>
        <Item Index="547">
            <Use>Training</Use>
        </Item>
        <Item Index="548">
            <Use>Testing</Use>
        </Item>
        <Item Index="549">
            <Use>Training</Use>
        </Item>
        <Item Index="550">
            <Use>Training</Use>
        </Item>
        <Item Index="551">
            <Use>Training</Use>
        </Item>
        <Item Index="552">
            <Use>Testing</Use>
        </Item>
        <Item Index="553">
            <Use>Training</Use>
        </Item>
        <Item Index="554">
            <Use>Testing</Use>
        </Item>
        <Item Index="555">
            <Use>Testing</Use>
        </Item>
        <Item Index="556">
            <Use>Training</Use>
        </Item>
        <Item Index="557">
            <Use>Training</Use>
        </Item>
        <Item Index="558">
            <Use>Testing</Use>
        </Item>
        <Item Index="559">
            <Use>Training</Use>
        </Item>
        <Item Index="560">
            <Use>Testing</Use>
        </Item>
        <Item Index="561">
            <Use>Testing</Use>
        </Item>
        <Item Index="562">
            <Use>Training</Use>
        </Item>
        <Item Index="563">
            <Use>Training</Use>
        </Item>
        <Item Index="564">
            <Use>Training</Use>
        </Item>
        <Item Index="565">
            <Use>Training</Use>
        </Item>
        <Item Index="566">
            <Use>Training</Use>
        </Item>
        <Item Index="567">
            <Use>Training</Use>
        </Item>
        <Item Index="568">
            <Use>Testing</Use>
        </Item>
        <Item Index="569">
            <Use>Training</Use>
        </Item>
        <Item Index="570">
            <Use>Training</Use>
        </Item>
        <Item Index="571">
            <Use>Testing</Use>
        </Item>
        <Item Index="572">
            <Use>Testing</Use>
        </Item>
        <Item Index="573">
            <Use>Testing</Use>
        </Item>
        <Item Index="574">
            <Use>Training</Use>
        </Item>
        <Item Index="575">
            <Use>Testing</Use>
        </Item>
        <Item Index="576">
            <Use>Training</Use>
        </Item>
        <Item Index="577">
            <Use>Training</Use>
        </Item>
        <Item Index="578">
            <Use>Training</Use>
        </Item>
        <Item Index="579">
            <Use>Training</Use>
        </Item>
        <Item Index="580">
            <Use>Training</Use>
        </Item>
        <Item Index="581">
            <Use>Training</Use>
        </Item>
        <Item Index="582">
            <Use>Training</Use>
        </Item>
        <Item Index="583">
            <Use>Testing</Use>
        </Item>
        <Item Index="584">
            <Use>Training</Use>
        </Item>
        <Item Index="585">
            <Use>Training</Use>
        </Item>
        <Item Index="586">
            <Use>Training</Use>
        </Item>
        <Item Index="587">
            <Use>Testing</Use>
        </Item>
        <Item Index="588">
            <Use>Testing</Use>
        </Item>
        <Item Index="589">
            <Use>Training</Use>
        </Item>
        <Item Index="590">
            <Use>Training</Use>
        </Item>
        <Item Index="591">
            <Use>Training</Use>
        </Item>
        <Item Index="592">
            <Use>Testing</Use>
        </Item>
        <Item Index="593">
            <Use>Training</Use>
        </Item>
        <Item Index="594">
            <Use>Training</Use>
        </Item>
        <Item Index="595">
            <Use>Testing</Use>
        </Item>
        <Item Index="596">
            <Use>Training</Use>
        </Item>
        <Item Index="597">
            <Use>Training</Use>
        </Item>
        <Item Index="598">
            <Use>Training</Use>
        </Item>
        <Item Index="599">
            <Use>Training</Use>
        </Item>
        <Item Index="600">
            <Use>Testing</Use>
        </Item>
        <Item Index="601">
            <Use>Training</Use>
        </Item>
        <Item Index="602">
            <Use>Training</Use>
        </Item>
        <Item Index="603">
            <Use>Training</Use>
        </Item>
        <Item Index="604">
            <Use>Training</Use>
        </Item>
        <Item Index="605">
            <Use>Testing</Use>
        </Item>
        <Item Index="606">
            <Use>Training</Use>
        </Item>
        <Item Index="607">
            <Use>Training</Use>
        </Item>
        <Item Index="608">
            <Use>Testing</Use>
        </Item>
        <Item Index="609">
            <Use>Training</Use>
        </Item>
        <Item Index="610">
            <Use>Training</Use>
        </Item>
        <Item Index="611">
            <Use>Training</Use>
        </Item>
        <Item Index="612">
            <Use>Training</Use>
        </Item>
        <Item Index="613">
            <Use>Training</Use>
        </Item>
        <Item Index="614">
            <Use>Training</Use>
        </Item>
        <Item Index="615">
            <Use>Training</Use>
        </Item>
        <Item Index="616">
            <Use>Testing</Use>
        </Item>
        <Item Index="617">
            <Use>Training</Use>
        </Item>
        <Item Index="618">
            <Use>Testing</Use>
        </Item>
        <Item Index="619">
            <Use>Testing</Use>
        </Item>
        <Item Index="620">
            <Use>Testing</Use>
        </Item>
        <Item Index="621">
            <Use>Training</Use>
        </Item>
        <Item Index="622">
            <Use>Training</Use>
        </Item>
        <Item Index="623">
            <Use>Training</Use>
        </Item>
        <Item Index="624">
            <Use>Training</Use>
        </Item>
        <Item Index="625">
            <Use>Training</Use>
        </Item>
        <Item Index="626">
            <Use>Training</Use>
        </Item>
        <Item Index="627">
            <Use>Training</Use>
        </Item>
        <Item Index="628">
            <Use>Training</Use>
        </Item>
        <Item Index="629">
            <Use>Training</Use>
        </Item>
        <Item Index="630">
            <Use>Training</Use>
        </Item>
        <Item Index="631">
            <Use>Training</Use>
        </Item>
        <Item Index="632">
            <Use>Training</Use>
        </Item>
        <Item Index="633">
            <Use>Testing</Use>
        </Item>
        <Item Index="634">
            <Use>Testing</Use>
        </Item>
        <Item Index="635">
            <Use>Training</Use>
        </Item>
        <Item Index="636">
            <Use>Testing</Use>
        </Item>
        <Item Index="637">
            <Use>Training</Use>
        </Item>
        <Item Index="638">
            <Use>Training</Use>
        </Item>
        <Item Index="639">
            <Use>Testing</Use>
        </Item>
        <Item Index="640">
            <Use>Training</Use>
        </Item>
        <Item Index="641">
            <Use>Testing</Use>
        </Item>
        <Item Index="642">
            <Use>Training</Use>
        </Item>
        <Item Index="643">
            <Use>Training</Use>
        </Item>
        <Item Index="644">
            <Use>Testing</Use>
        </Item>
        <Item Index="645">
            <Use>Testing</Use>
        </Item>
        <Item Index="646">
            <Use>Training</Use>
        </Item>
        <Item Index="647">
            <Use>Training</Use>
        </Item>
        <Item Index="648">
            <Use>Training</Use>
        </Item>
        <Item Index="649">
            <Use>Training</Use>
        </Item>
        <Item Index="650">
            <Use>Testing</Use>
        </Item>
        <Item Index="651">
            <Use>Training</Use>
        </Item>
        <Item Index="652">
            <Use>Training</Use>
        </Item>
        <Item Index="653">
            <Use>Testing</Use>
        </Item>
        <Item Index="654">
            <Use>Training</Use>
        </Item>
        <Item Index="655">
            <Use>Training</Use>
        </Item>
        <Item Index="656">
            <Use>Training</Use>
        </Item>
        <Item Index="657">
            <Use>Testing</Use>
        </Item>
        <Item Index="658">
            <Use>Training</Use>
        </Item>
        <Item Index="659">
            <Use>Training</Use>
        </Item>
        <Item Index="660">
            <Use>Training</Use>
        </Item>
        <Item Index="661">
            <Use>Training</Use>
        </Item>
        <Item Index="662">
            <Use>Training</Use>
        </Item>
        <Item Index="663">
            <Use>Training</Use>
        </Item>
        <Item Index="664">
            <Use>Training</Use>
        </Item>
        <Item Index="665">
            <Use>Training</Use>
        </Item>
        <Item Index="666">
            <Use>Training</Use>
        </Item>
        <Item Index="667">
            <Use>Training</Use>
        </Item>
        <Item Index="668">
            <Use>Testing</Use>
        </Item>
        <Item Index="669">
            <Use>Testing</Use>
        </Item>
        <Item Index="670">
            <Use>Training</Use>
        </Item>
        <Item Index="671">
            <Use>Training</Use>
        </Item>
        <Item Index="672">
            <Use>Training</Use>
        </Item>
        <Item Index="673">
            <Use>Training</Use>
        </Item>
        <Item Index="674">
            <Use>Training</Use>
        </Item>
        <Item Index="675">
            <Use>Training</Use>
        </Item>
        <Item Index="676">
            <Use>Training</Use>
        </Item>
        <Item Index="677">
            <Use>Testing</Use>
        </Item>
        <Item Index="678">
            <Use>Training</Use>
        </Item>
        <Item Index="679">
            <Use>Testing</Use>
        </Item>
        <Item Index="680">
            <Use>Training</Use>
        </Item>
        <Item Index="681">
            <Use>Training</Use>
        </Item>
        <Item Index="682">
            <Use>Testing</Use>
        </Item>
        <Item Index="683">
            <Use>Training</Use>
        </Item>
        <Item Index="684">
            <Use>Testing</Use>
        </Item>
        <Item Index="685">
            <Use>Training</Use>
        </Item>
        <Item Index="686">
            <Use>Training</Use>
        </Item>
        <Item Index="687">
            <Use>Testing</Use>
        </Item>
        <Item Index="688">
            <Use>Training</Use>
        </Item>
        <Item Index="689">
            <Use>Training</Use>
        </Item>
        <Item Index="690">
            <Use>Training</Use>
        </Item>
        <Item Index="691">
            <Use>Training</Use>
        </Item>
        <Item Index="692">
            <Use>Testing</Use>
        </Item>
        <Item Index="693">
            <Use>Testing</Use>
        </Item>
        <Item Index="694">
            <Use>Training</Use>
        </Item>
        <Item Index="695">
            <Use>Training</Use>
        </Item>
        <Item Index="696">
            <Use>Training</Use>
        </Item>
        <Item Index="697">
            <Use>Training</Use>
        </Item>
        <Item Index="698">
            <Use>Training</Use>
        </Item>
        <Item Index="699">
            <Use>Training</Use>
        </Item>
        <Item Index="700">
            <Use>Testing</Use>
        </Item>
        <Item Index="701">
            <Use>Training</Use>
        </Item>
        <Item Index="702">
            <Use>Testing</Use>
        </Item>
        <Item Index="703">
            <Use>Training</Use>
        </Item>
        <Item Index="704">
            <Use>Testing</Use>
        </Item>
        <Item Index="705">
            <Use>Training</Use>
        </Item>
        <Item Index="706">
            <Use>Training</Use>
        </Item>
        <Item Index="707">
            <Use>Training</Use>
        </Item>
        <Item Index="708">
            <Use>Training</Use>
        </Item>
        <Item Index="709">
            <Use>Testing</Use>
        </Item>
        <Item Index="710">
            <Use>Training</Use>
        </Item>
        <Item Index="711">
            <Use>Training</Use>
        </Item>
        <Item Index="712">
            <Use>Training</Use>
        </Item>
        <Item Index="713">
            <Use>Testing</Use>
        </Item>
        <Item Index="714">
            <Use>Testing</Use>
        </Item>
        <Item Index="715">
            <Use>Testing</Use>
        </Item>
        <Item Index="716">
            <Use>Training</Use>
        </Item>
        <Item Index="717">
            <Use>Training</Use>
        </Item>
        <Item Index="718">
            <Use>Training</Use>
        </Item>
        <Item Index="719">
            <Use>Training</Use>
        </Item>
        <Item Index="720">
            <Use>Training</Use>
        </Item>
        <Item Index="721">
            <Use>Testing</Use>
        </Item>
        <Item Index="722">
            <Use>Training</Use>
        </Item>
        <Item Index="723">
            <Use>Training</Use>
        </Item>
        <Item Index="724">
            <Use>Training</Use>
        </Item>
        <Item Index="725">
            <Use>Training</Use>
        </Item>
        <Item Index="726">
            <Use>Training</Use>
        </Item>
        <Item Index="727">
            <Use>Training</Use>
        </Item>
        <Item Index="728">
            <Use>Training</Use>
        </Item>
        <Item Index="729">
            <Use>Training</Use>
        </Item>
        <Item Index="730">
            <Use>Training</Use>
        </Item>
        <Item Index="731">
            <Use>Training</Use>
        </Item>
        <Item Index="732">
            <Use>Training</Use>
        </Item>
        <Item Index="733">
            <Use>Training</Use>
        </Item>
        <Item Index="734">
            <Use>Testing</Use>
        </Item>
        <Item Index="735">
            <Use>Training</Use>
        </Item>
        <Item Index="736">
            <Use>Testing</Use>
        </Item>
        <Item Index="737">
            <Use>Testing</Use>
        </Item>
        <Item Index="738">
            <Use>Training</Use>
        </Item>
        <Item Index="739">
            <Use>Training</Use>
        </Item>
        <Item Index="740">
            <Use>Training</Use>
        </Item>
        <Item Index="741">
            <Use>Training</Use>
        </Item>
        <Item Index="742">
            <Use>Training</Use>
        </Item>
        <Item Index="743">
            <Use>Training</Use>
        </Item>
        <Item Index="744">
            <Use>Training</Use>
        </Item>
        <Item Index="745">
            <Use>Training</Use>
        </Item>
        <Item Index="746">
            <Use>Testing</Use>
        </Item>
        <Item Index="747">
            <Use>Training</Use>
        </Item>
        <Item Index="748">
            <Use>Training</Use>
        </Item>
        <Item Index="749">
            <Use>Training</Use>
        </Item>
        <Item Index="750">
            <Use>Training</Use>
        </Item>
        <Item Index="751">
            <Use>Training</Use>
        </Item>
        <Item Index="752">
            <Use>Training</Use>
        </Item>
        <Item Index="753">
            <Use>Training</Use>
        </Item>
        <Item Index="754">
            <Use>Training</Use>
        </Item>
        <Item Index="755">
            <Use>Training</Use>
        </Item>
        <Item Index="756">
            <Use>Training</Use>
        </Item>
        <Item Index="757">
            <Use>Training</Use>
        </Item>
        <Item Index="758">
            <Use>Training</Use>
        </Item>
        <Item Index="759">
            <Use>Training</Use>
        </Item>
        <Item Index="760">
            <Use>Testing</Use>
        </Item>
        <Item Index="761">
            <Use>Training</Use>
        </Item>
        <Item Index="762">
            <Use>Training</Use>
        </Item>
        <Item Index="763">
            <Use>Training</Use>
        </Item>
        <Item Index="764">
            <Use>Testing</Use>
        </Item>
        <Item Index="765">
            <Use>Training</Use>
        </Item>
        <Item Index="766">
            <Use>Training</Use>
        </Item>
        <Item Index="767">
            <Use>Training</Use>
        </Item>
        <Item Index="768">
            <Use>Training</Use>
        </Item>
        <Display>1</Display>
    </Instances>
    <MissingValues>
        <InstancesNumber>768</InstancesNumber>
        <VariablesNumber>9</VariablesNumber>
        <ScrubbingMethod>Unuse</ScrubbingMethod>
        <MissingValuesNumber>0</MissingValuesNumber>
        <Display>1</Display>
    </MissingValues>
    <Display>1</Display>
</DataSet>
