<NeuralNetwork>
    <Inputs>
        <InputsNumber>8</InputsNumber>
        <Item Index="1">
            <Name>pregnant</Name>
            <Units></Units>
            <Description></Description>
        </Item>
        <Item Index="2">
            <Name>glucose</Name>
            <Units></Units>
            <Description></Description>
        </Item>
        <Item Index="3">
            <Name>pressure</Name>
            <Units>mmHg</Units>
            <Description></Description>
        </Item>
        <Item Index="4">
            <Name>thickness</Name>
            <Units>mm</Units>
            <Description></Description>
        </Item>
        <Item Index="5">
            <Name>insulin</Name>
            <Units>muU/ml</Units>
            <Description></Description>
        </Item>
        <Item Index="6">
            <Name>mass_index</Name>
            <Units>kg/m2</Units>
            <Description></Description>
        </Item>
        <Item Index="7">
            <Name>pedigree</Name>
            <Units></Units>
            <Description></Description>
        </Item>
        <Item Index="8">
            <Name>age</Name>
            <Units></Units>
            <Description></Description>
        </Item>
        <Display>1</Display>
    </Inputs>
    <ScalingLayer>
        <ScalingNeuronsNumber>8</ScalingNeuronsNumber>
        <Statistics Index="1">
            <Minimum>0</Minimum>
            <Maximum>17</Maximum>
            <Mean>3.84505</Mean>
            <StandardDeviation>3.36958</StandardDeviation>
        </Statistics>
        <Statistics Index="2">
            <Minimum>0</Minimum>
            <Maximum>199</Maximum>
            <Mean>120.895</Mean>
            <StandardDeviation>31.9726</StandardDeviation>
        </Statistics>
        <Statistics Index="3">
            <Minimum>0</Minimum>
            <Maximum>122</Maximum>
            <Mean>69.1055</Mean>
            <StandardDeviation>19.3558</StandardDeviation>
        </Statistics>
        <Statistics Index="4">
            <Minimum>0</Minimum>
            <Maximum>99</Maximum>
            <Mean>20.5365</Mean>
            <StandardDeviation>15.9522</StandardDeviation>
        </Statistics>
        <Statistics Index="5">
            <Minimum>0</Minimum>
            <Maximum>846</Maximum>
            <Mean>79.7995</Mean>
            <StandardDeviation>115.244</StandardDeviation>
        </Statistics>
        <Statistics Index="6">
            <Minimum>0</Minimum>
            <Maximum>67.1</Maximum>
            <Mean>31.9926</Mean>
            <StandardDeviation>7.88416</StandardDeviation>
        </Statistics>
        <Statistics Index="7">
            <Minimum>0.078</Minimum>
            <Maximum>2.42</Maximum>
            <Mean>0.471876</Mean>
            <StandardDeviation>0.331329</StandardDeviation>
        </Statistics>
        <Statistics Index="8">
            <Minimum>21</Minimum>
            <Maximum>81</Maximum>
            <Mean>33.2409</Mean>
            <StandardDeviation>11.7602</StandardDeviation>
        </Statistics>
        <ScalingMethod>MinimumMaximum</ScalingMethod>
        <Display>1</Display>
    </ScalingLayer>
    <MultilayerPerceptron>
        <Architecture>8 6 1</Architecture>
        <LayersActivationFunction>HyperbolicTangent Logistic</LayersActivationFunction>
        <Parameters>0.961098 -6.63426 -6.04361 -1.2242 -4.91393 2.08012 -2.79951 7.16074 10.2549 0.370234 -0.0149704 -0.000338619 -1.80957 -0.490915 0.320546 3.44433 1.67756 -1.20684 0.711408 -0.953693 0.719013 -1.32409 -1.09842 0.302662 3.14149 1.94532 0.507686 -6.2997 8.57139 9.14663 4.69421 9.42275 9.25105 -3.87575 -7.25362 1.10063 2.47777 -0.683963 1.46515 1.25911 -2.35531 -1.19275 0.632643 -2.15639 -1.18391 2.69108 6.9581 0.61107 -5.59732 4.40105 -1.76553 8.04169 3.68462 -7.98607 0.207177 -7.41696 -13.9954 13.8882 11.3528 1.53111 3.62309</Parameters>
        <Display>1</Display>
    </MultilayerPerceptron>
    <Outputs>
        <OutputsNumber>1</OutputsNumber>
        <Item Index="1">
            <Name>diabetes</Name>
            <Units></Units>
            <Description></Description>
        </Item>
        <Display>1</Display>
    </Outputs>
    <Display>1</Display>
</NeuralNetwork>
